스테이지,매치,일시,맵,순위,팀,킬,딜량,순위 점수,획득 점수
Cup Week 1,1,26. 2. 14. AM 9:50,ERANGEL,1,So,13,1708,10,23
Cup Week 1,1,26. 2. 14. AM 9:50,ERANGEL,4,SB,9,1040,4,13
Cup Week 1,1,26. 2. 14. AM 9:50,ERANGEL,2,HNB,5,820,6,11
Cup Week 1,1,26. 2. 14. AM 9:50,ERANGEL,6,PDE,9,1904,2,11
Cup Week 1,1,26. 2. 14. AM 9:50,ERANGEL,3,DD,2,1353,5,7
Cup Week 1,1,26. 2. 14. AM 9:50,ERANGEL,7,SXG,5,1301,1,6
Cup Week 1,1,26. 2. 14. AM 9:50,ERANGEL,9,SGA,4,1213,0,4
Cup Week 1,1,26. 2. 14. AM 9:50,ERANGEL,14,MHG,4,603,0,4
Cup Week 1,1,26. 2. 14. AM 9:50,ERANGEL,5,FX,0,330,3,3
Cup Week 1,1,26. 2. 14. AM 9:50,ERANGEL,8,EOS,2,743,1,3
Cup Week 1,1,26. 2. 14. AM 9:50,ERANGEL,10,Re,2,445,0,2
Cup Week 1,1,26. 2. 14. AM 9:50,ERANGEL,11,SRI,2,382,0,2
Cup Week 1,1,26. 2. 14. AM 9:50,ERANGEL,15,WKD,2,388,0,2
Cup Week 1,1,26. 2. 14. AM 9:50,ERANGEL,16,Ark,1,278,0,1
Cup Week 1,1,26. 2. 14. AM 9:50,ERANGEL,12,Geekay Esports,0,491,0,0
Cup Week 1,1,26. 2. 14. AM 9:50,ERANGEL,13,ZEN,0,257,0,0
Cup Week 1,2,26. 2. 14. AM 10:40,ERANGEL,1,PDE,19,2681,10,29
Cup Week 1,2,26. 2. 14. AM 10:40,ERANGEL,3,DD,10,1539,5,15
Cup Week 1,2,26. 2. 14. AM 10:40,ERANGEL,2,Geekay Esports,6,1039,6,12
Cup Week 1,2,26. 2. 14. AM 10:40,ERANGEL,8,SB,10,1316,1,11
Cup Week 1,2,26. 2. 14. AM 10:40,ERANGEL,4,EOS,5,1954,4,9
Cup Week 1,2,26. 2. 14. AM 10:40,ERANGEL,5,So,1,441,3,4
Cup Week 1,2,26. 2. 14. AM 10:40,ERANGEL,12,Ark,4,686,0,4
Cup Week 1,2,26. 2. 14. AM 10:40,ERANGEL,15,WKD,4,749,0,4
Cup Week 1,2,26. 2. 14. AM 10:40,ERANGEL,6,HNB,1,170,2,3
Cup Week 1,2,26. 2. 14. AM 10:40,ERANGEL,7,SRI,2,825,1,3
Cup Week 1,2,26. 2. 14. AM 10:40,ERANGEL,14,SXG,2,350,0,2
Cup Week 1,2,26. 2. 14. AM 10:40,ERANGEL,9,ZEN,1,578,0,1
Cup Week 1,2,26. 2. 14. AM 10:40,ERANGEL,10,Re,1,144,0,1
Cup Week 1,2,26. 2. 14. AM 10:40,ERANGEL,11,FX,0,65,0,0
Cup Week 1,2,26. 2. 14. AM 10:40,ERANGEL,13,MHG,0,84,0,0
Cup Week 1,2,26. 2. 14. AM 10:40,ERANGEL,16,SGA,0,301,0,0
Cup Week 1,3,26. 2. 14. AM 11:20,MIRAMAR,1,SGA,11,1410,10,21
Cup Week 1,3,26. 2. 14. AM 11:20,MIRAMAR,2,SB,7,1600,6,13
Cup Week 1,3,26. 2. 14. AM 11:20,MIRAMAR,5,So,8,1153,3,11
Cup Week 1,3,26. 2. 14. AM 11:20,MIRAMAR,7,Geekay Esports,9,1351,1,10
Cup Week 1,3,26. 2. 14. AM 11:20,MIRAMAR,4,MHG,5,1092,4,9
Cup Week 1,3,26. 2. 14. AM 11:20,MIRAMAR,3,ZEN,3,1023,5,8
Cup Week 1,3,26. 2. 14. AM 11:20,MIRAMAR,6,Ark,6,848,2,8
Cup Week 1,3,26. 2. 14. AM 11:20,MIRAMAR,8,SXG,3,477,1,4
Cup Week 1,3,26. 2. 14. AM 11:20,MIRAMAR,14,EOS,3,688,0,3
Cup Week 1,3,26. 2. 14. AM 11:20,MIRAMAR,9,PDE,2,493,0,2
Cup Week 1,3,26. 2. 14. AM 11:20,MIRAMAR,11,WKD,2,676,0,2
Cup Week 1,3,26. 2. 14. AM 11:20,MIRAMAR,10,DD,1,600,0,1
Cup Week 1,3,26. 2. 14. AM 11:20,MIRAMAR,12,Re,1,100,0,1
Cup Week 1,3,26. 2. 14. AM 11:20,MIRAMAR,13,SRI,1,140,0,1
Cup Week 1,3,26. 2. 14. AM 11:20,MIRAMAR,16,FX,1,379,0,1
Cup Week 1,3,26. 2. 14. AM 11:20,MIRAMAR,15,HNB,0,173,0,0
Cup Week 1,4,26. 2. 14. AM 11:55,TAEGO,1,PDE,17,2074,10,27
Cup Week 1,4,26. 2. 14. AM 11:55,TAEGO,2,Geekay Esports,9,1259,6,15
Cup Week 1,4,26. 2. 14. AM 11:55,TAEGO,4,SRI,7,859,4,11
Cup Week 1,4,26. 2. 14. AM 11:55,TAEGO,5,MHG,7,1815,3,10
Cup Week 1,4,26. 2. 14. AM 11:55,TAEGO,7,DD,8,1280,1,9
Cup Week 1,4,26. 2. 14. AM 11:55,TAEGO,3,SGA,1,741,5,6
Cup Week 1,4,26. 2. 14. AM 11:55,TAEGO,6,ZEN,4,578,2,6
Cup Week 1,4,26. 2. 14. AM 11:55,TAEGO,10,Ark,5,756,0,5
Cup Week 1,4,26. 2. 14. AM 11:55,TAEGO,9,HNB,4,777,0,4
Cup Week 1,4,26. 2. 14. AM 11:55,TAEGO,8,Re,2,654,1,3
Cup Week 1,4,26. 2. 14. AM 11:55,TAEGO,12,SB,2,489,0,2
Cup Week 1,4,26. 2. 14. AM 11:55,TAEGO,15,WKD,2,283,0,2
Cup Week 1,4,26. 2. 14. AM 11:55,TAEGO,11,EOS,1,249,0,1
Cup Week 1,4,26. 2. 14. AM 11:55,TAEGO,13,SXG,0,300,0,0
Cup Week 1,4,26. 2. 14. AM 11:55,TAEGO,14,So,0,207,0,0
Cup Week 1,4,26. 2. 14. AM 11:55,TAEGO,16,FX,0,380,0,0
Cup Week 1,5,26. 2. 14. PM 12:38,RONDO,1,SB,9,1110,10,19
Cup Week 1,5,26. 2. 14. PM 12:38,RONDO,2,EOS,12,1555,6,18
Cup Week 1,5,26. 2. 14. PM 12:38,RONDO,8,PDE,13,1874,1,14
Cup Week 1,5,26. 2. 14. PM 12:38,RONDO,4,MHG,8,1088,4,12
Cup Week 1,5,26. 2. 14. PM 12:38,RONDO,5,SGA,5,800,3,8
Cup Week 1,5,26. 2. 14. PM 12:38,RONDO,3,So,1,306,5,6
Cup Week 1,5,26. 2. 14. PM 12:38,RONDO,7,Geekay Esports,5,728,1,6
Cup Week 1,5,26. 2. 14. PM 12:38,RONDO,13,Re,5,916,0,5
Cup Week 1,5,26. 2. 14. PM 12:38,RONDO,9,Ark,4,536,0,4
Cup Week 1,5,26. 2. 14. PM 12:38,RONDO,6,FX,1,240,2,3
Cup Week 1,5,26. 2. 14. PM 12:38,RONDO,10,HNB,2,293,0,2
Cup Week 1,5,26. 2. 14. PM 12:38,RONDO,16,WKD,2,437,0,2
Cup Week 1,5,26. 2. 14. PM 12:38,RONDO,12,SXG,1,704,0,1
Cup Week 1,5,26. 2. 14. PM 12:38,RONDO,15,ZEN,1,255,0,1
Cup Week 1,5,26. 2. 14. PM 12:38,RONDO,11,SRI,0,343,0,0
Cup Week 1,5,26. 2. 14. PM 12:38,RONDO,14,DD,0,214,0,0
Cup Week 2,6,26. 2. 21. AM 9:50,ERANGEL,1,WG,8,1522,10,18
Cup Week 2,6,26. 2. 21. AM 9:50,ERANGEL,2,PMT,10,1986,6,16
Cup Week 2,6,26. 2. 21. AM 9:50,ERANGEL,4,EOS,12,1836,4,16
Cup Week 2,6,26. 2. 21. AM 9:50,ERANGEL,3,ZEN,9,1605,5,14
Cup Week 2,6,26. 2. 21. AM 9:50,ERANGEL,5,MHG,6,1235,3,9
Cup Week 2,6,26. 2. 21. AM 9:50,ERANGEL,6,SXG,3,888,2,5
Cup Week 2,6,26. 2. 21. AM 9:50,ERANGEL,7,EDV,2,602,1,3
Cup Week 2,6,26. 2. 21. AM 9:50,ERANGEL,9,CS,3,668,0,3
Cup Week 2,6,26. 2. 21. AM 9:50,ERANGEL,11,SGA,3,462,0,3
Cup Week 2,6,26. 2. 21. AM 9:50,ERANGEL,14,7L,3,501,0,3
Cup Week 2,6,26. 2. 21. AM 9:50,ERANGEL,8,DD,1,226,1,2
Cup Week 2,6,26. 2. 21. AM 9:50,ERANGEL,10,GmI,2,304,0,2
Cup Week 2,6,26. 2. 21. AM 9:50,ERANGEL,13,MZV,2,436,0,2
Cup Week 2,6,26. 2. 21. AM 9:50,ERANGEL,12,Ark,0,360,0,0
Cup Week 2,6,26. 2. 21. AM 9:50,ERANGEL,15,FX,0,60,0,0
Cup Week 2,6,26. 2. 21. AM 9:50,ERANGEL,16,HNB,0,200,0,0
Cup Week 2,7,26. 2. 21. AM 10:26,ERANGEL,1,EOS,6,1244,10,16
Cup Week 2,7,26. 2. 21. AM 10:26,ERANGEL,2,Ark,10,1245,6,16
Cup Week 2,7,26. 2. 21. AM 10:26,ERANGEL,6,DD,9,1408,2,11
Cup Week 2,7,26. 2. 21. AM 10:26,ERANGEL,3,EDV,5,800,5,10
Cup Week 2,7,26. 2. 21. AM 10:26,ERANGEL,8,FX,7,1002,1,8
Cup Week 2,7,26. 2. 21. AM 10:26,ERANGEL,5,WG,3,639,3,6
Cup Week 2,7,26. 2. 21. AM 10:26,ERANGEL,9,ZEN,6,898,0,6
Cup Week 2,7,26. 2. 21. AM 10:26,ERANGEL,4,PMT,0,328,4,4
Cup Week 2,7,26. 2. 21. AM 10:26,ERANGEL,10,GmI,4,437,0,4
Cup Week 2,7,26. 2. 21. AM 10:26,ERANGEL,13,HNB,4,825,0,4
Cup Week 2,7,26. 2. 21. AM 10:26,ERANGEL,11,SXG,3,703,0,3
Cup Week 2,7,26. 2. 21. AM 10:26,ERANGEL,12,MHG,3,522,0,3
Cup Week 2,7,26. 2. 21. AM 10:26,ERANGEL,7,CS,1,558,1,2
Cup Week 2,7,26. 2. 21. AM 10:26,ERANGEL,14,SGA,1,324,0,1
Cup Week 2,7,26. 2. 21. AM 10:26,ERANGEL,15,7L,0,336,0,0
Cup Week 2,7,26. 2. 21. AM 10:26,ERANGEL,16,MZV,0,42,0,0
Cup Week 2,8,26. 2. 21. AM 11:08,TAEGO,1,SGA,17,2361,10,27
Cup Week 2,8,26. 2. 21. AM 11:08,TAEGO,2,MZV,11,1677,6,17
Cup Week 2,8,26. 2. 21. AM 11:08,TAEGO,5,CS,6,834,3,9
Cup Week 2,8,26. 2. 21. AM 11:08,TAEGO,4,ZEN,2,662,4,6
Cup Week 2,8,26. 2. 21. AM 11:08,TAEGO,3,EDV,0,542,5,5
Cup Week 2,8,26. 2. 21. AM 11:08,TAEGO,6,WG,3,315,2,5
Cup Week 2,8,26. 2. 21. AM 11:08,TAEGO,8,EOS,4,472,1,5
Cup Week 2,8,26. 2. 21. AM 11:08,TAEGO,7,PMT,2,641,1,3
Cup Week 2,8,26. 2. 21. AM 11:08,TAEGO,11,DD,3,418,0,3
Cup Week 2,8,26. 2. 21. AM 11:08,TAEGO,14,MHG,3,409,0,3
Cup Week 2,8,26. 2. 21. AM 11:08,TAEGO,15,FX,3,391,0,3
Cup Week 2,8,26. 2. 21. AM 11:08,TAEGO,10,HNB,2,478,0,2
Cup Week 2,8,26. 2. 21. AM 11:08,TAEGO,13,SXG,2,298,0,2
Cup Week 2,8,26. 2. 21. AM 11:08,TAEGO,9,Ark,1,470,0,1
Cup Week 2,8,26. 2. 21. AM 11:08,TAEGO,12,7L,1,200,0,1
Cup Week 2,8,26. 2. 21. AM 11:08,TAEGO,16,GmI,1,300,0,1
Cup Week 2,9,26. 2. 21. AM 11:43,TAEGO,1,Ark,10,1607,10,20
Cup Week 2,9,26. 2. 21. AM 11:43,TAEGO,2,EDV,12,1859,6,18
Cup Week 2,9,26. 2. 21. AM 11:43,TAEGO,3,SGA,7,1247,5,12
Cup Week 2,9,26. 2. 21. AM 11:43,TAEGO,4,DD,8,976,4,12
Cup Week 2,9,26. 2. 21. AM 11:43,TAEGO,6,EOS,6,1023,2,8
Cup Week 2,9,26. 2. 21. AM 11:43,TAEGO,5,WG,3,791,3,6
Cup Week 2,9,26. 2. 21. AM 11:43,TAEGO,8,MHG,3,578,1,4
Cup Week 2,9,26. 2. 21. AM 11:43,TAEGO,9,MZV,3,714,0,3
Cup Week 2,9,26. 2. 21. AM 11:43,TAEGO,15,7L,3,346,0,3
Cup Week 2,9,26. 2. 21. AM 11:43,TAEGO,11,GmI,2,308,0,2
Cup Week 2,9,26. 2. 21. AM 11:43,TAEGO,16,HNB,2,200,0,2
Cup Week 2,9,26. 2. 21. AM 11:43,TAEGO,7,CS,0,0,1,1
Cup Week 2,9,26. 2. 21. AM 11:43,TAEGO,10,PMT,1,179,0,1
Cup Week 2,9,26. 2. 21. AM 11:43,TAEGO,12,ZEN,0,189,0,0
Cup Week 2,9,26. 2. 21. AM 11:43,TAEGO,13,FX,0,48,0,0
Cup Week 2,9,26. 2. 21. AM 11:43,TAEGO,14,SXG,0,209,0,0
Cup Week 2,10,26. 2. 21. PM 12:29,MIRAMAR,1,DD,10,1608,10,20
Cup Week 2,10,26. 2. 21. PM 12:29,MIRAMAR,2,EOS,10,1749,6,16
Cup Week 2,10,26. 2. 21. PM 12:29,MIRAMAR,3,Ark,8,1287,5,13
Cup Week 2,10,26. 2. 21. PM 12:29,MIRAMAR,5,SGA,6,1102,3,9
Cup Week 2,10,26. 2. 21. PM 12:29,MIRAMAR,4,ZEN,3,736,4,7
Cup Week 2,10,26. 2. 21. PM 12:29,MIRAMAR,7,MHG,6,788,1,7
Cup Week 2,10,26. 2. 21. PM 12:29,MIRAMAR,9,MZV,6,1028,0,6
Cup Week 2,10,26. 2. 21. PM 12:29,MIRAMAR,6,WG,2,805,2,4
Cup Week 2,10,26. 2. 21. PM 12:29,MIRAMAR,8,SXG,3,589,1,4
Cup Week 2,10,26. 2. 21. PM 12:29,MIRAMAR,10,HNB,3,720,0,3
Cup Week 2,10,26. 2. 21. PM 12:29,MIRAMAR,16,FX,2,383,0,2
Cup Week 2,10,26. 2. 21. PM 12:29,MIRAMAR,11,EDV,1,316,0,1
Cup Week 2,10,26. 2. 21. PM 12:29,MIRAMAR,14,GmI,1,100,0,1
Cup Week 2,10,26. 2. 21. PM 12:29,MIRAMAR,15,PMT,1,146,0,1
Cup Week 2,10,26. 2. 21. PM 12:29,MIRAMAR,12,CS,0,548,0,0
Cup Week 2,10,26. 2. 21. PM 12:29,MIRAMAR,13,7L,0,437,0,0
Cup Week 3,11,26. 2. 28. AM 9:50,ERANGEL,1,YP,9,1416,10,19
Cup Week 3,11,26. 2. 28. AM 9:50,ERANGEL,2,SXA,10,1327,6,16
Cup Week 3,11,26. 2. 28. AM 9:50,ERANGEL,3,HMS,8,1244,5,13
Cup Week 3,11,26. 2. 28. AM 9:50,ERANGEL,4,FLS,5,1113,4,9
Cup Week 3,11,26. 2. 28. AM 9:50,ERANGEL,6,KX,6,1018,2,8
Cup Week 3,11,26. 2. 28. AM 9:50,ERANGEL,7,TCN,5,1069,1,6
Cup Week 3,11,26. 2. 28. AM 9:50,ERANGEL,5,SRI,2,780,3,5
Cup Week 3,11,26. 2. 28. AM 9:50,ERANGEL,8,PUSH,3,771,1,4
Cup Week 3,11,26. 2. 28. AM 9:50,ERANGEL,10,DD,4,893,0,4
Cup Week 3,11,26. 2. 28. AM 9:50,ERANGEL,14,XW,2,425,0,2
Cup Week 3,11,26. 2. 28. AM 9:50,ERANGEL,11,Ark,1,537,0,1
Cup Week 3,11,26. 2. 28. AM 9:50,ERANGEL,12,Hi,1,263,0,1
Cup Week 3,11,26. 2. 28. AM 9:50,ERANGEL,13,WN,1,313,0,1
Cup Week 3,11,26. 2. 28. AM 9:50,ERANGEL,15,SZ,1,156,0,1
Cup Week 3,11,26. 2. 28. AM 9:50,ERANGEL,9,MHG,0,673,0,0
Cup Week 3,11,26. 2. 28. AM 9:50,ERANGEL,16,HW,0,397,0,0
Cup Week 3,12,26. 2. 28. AM 10:26,ERANGEL,1,Ark,12,2245,10,22
Cup Week 3,12,26. 2. 28. AM 10:26,ERANGEL,2,SRI,11,1316,6,17
Cup Week 3,12,26. 2. 28. AM 10:26,ERANGEL,3,TCN,8,1950,5,13
Cup Week 3,12,26. 2. 28. AM 10:26,ERANGEL,4,SXA,8,1138,4,12
Cup Week 3,12,26. 2. 28. AM 10:26,ERANGEL,5,FLS,6,553,3,9
Cup Week 3,12,26. 2. 28. AM 10:26,ERANGEL,6,YP,4,559,2,6
Cup Week 3,12,26. 2. 28. AM 10:26,ERANGEL,8,XW,4,518,1,5
Cup Week 3,12,26. 2. 28. AM 10:26,ERANGEL,10,HMS,4,691,0,4
Cup Week 3,12,26. 2. 28. AM 10:26,ERANGEL,7,HW,2,546,1,3
Cup Week 3,12,26. 2. 28. AM 10:26,ERANGEL,9,MHG,3,376,0,3
Cup Week 3,12,26. 2. 28. AM 10:26,ERANGEL,12,SZ,3,451,0,3
Cup Week 3,12,26. 2. 28. AM 10:26,ERANGEL,14,DD,1,467,0,1
Cup Week 3,12,26. 2. 28. AM 10:26,ERANGEL,11,KX,0,247,0,0
Cup Week 3,12,26. 2. 28. AM 10:26,ERANGEL,13,WN,0,244,0,0
Cup Week 3,12,26. 2. 28. AM 10:26,ERANGEL,15,Hi,0,194,0,0
Cup Week 3,12,26. 2. 28. AM 10:26,ERANGEL,16,PUSH,0,0,0,0
Cup Week 3,13,26. 2. 28. AM 11:10,MIRAMAR,1,MHG,9,2138,10,19
Cup Week 3,13,26. 2. 28. AM 11:10,MIRAMAR,2,SXA,8,1575,6,14
Cup Week 3,13,26. 2. 28. AM 11:10,MIRAMAR,3,XW,8,781,5,13
Cup Week 3,13,26. 2. 28. AM 11:10,MIRAMAR,5,YP,6,834,3,9
Cup Week 3,13,26. 2. 28. AM 11:10,MIRAMAR,4,KX,4,1461,4,8
Cup Week 3,13,26. 2. 28. AM 11:10,MIRAMAR,6,SZ,4,1314,2,6
Cup Week 3,13,26. 2. 28. AM 11:10,MIRAMAR,7,DD,4,799,1,5
Cup Week 3,13,26. 2. 28. AM 11:10,MIRAMAR,9,WN,4,951,0,4
Cup Week 3,13,26. 2. 28. AM 11:10,MIRAMAR,10,Ark,4,737,0,4
Cup Week 3,13,26. 2. 28. AM 11:10,MIRAMAR,12,FLS,3,744,0,3
Cup Week 3,13,26. 2. 28. AM 11:10,MIRAMAR,13,PUSH,3,459,0,3
Cup Week 3,13,26. 2. 28. AM 11:10,MIRAMAR,15,Hi,3,449,0,3
Cup Week 3,13,26. 2. 28. AM 11:10,MIRAMAR,8,SRI,0,236,1,1
Cup Week 3,13,26. 2. 28. AM 11:10,MIRAMAR,16,TCN,1,86,0,1
Cup Week 3,13,26. 2. 28. AM 11:10,MIRAMAR,11,HMS,0,190,0,0
Cup Week 3,13,26. 2. 28. AM 11:10,MIRAMAR,14,HW,0,172,0,0
Cup Week 3,14,26. 2. 28. AM 11:47,TAEGO,1,SXA,13,1674,10,23
Cup Week 3,14,26. 2. 28. AM 11:47,TAEGO,2,Ark,13,1970,6,19
Cup Week 3,14,26. 2. 28. AM 11:47,TAEGO,3,FLS,6,1200,5,11
Cup Week 3,14,26. 2. 28. AM 11:47,TAEGO,4,TCN,3,667,4,7
Cup Week 3,14,26. 2. 28. AM 11:47,TAEGO,5,HMS,4,600,3,7
Cup Week 3,14,26. 2. 28. AM 11:47,TAEGO,6,KX,2,896,2,4
Cup Week 3,14,26. 2. 28. AM 11:47,TAEGO,10,HW,4,609,0,4
Cup Week 3,14,26. 2. 28. AM 11:47,TAEGO,16,SZ,4,451,0,4
Cup Week 3,14,26. 2. 28. AM 11:47,TAEGO,7,XW,2,350,1,3
Cup Week 3,14,26. 2. 28. AM 11:47,TAEGO,11,Hi,3,489,0,3
Cup Week 3,14,26. 2. 28. AM 11:47,TAEGO,13,PUSH,3,290,0,3
Cup Week 3,14,26. 2. 28. AM 11:47,TAEGO,8,YP,1,346,1,2
Cup Week 3,14,26. 2. 28. AM 11:47,TAEGO,9,SRI,2,434,0,2
Cup Week 3,14,26. 2. 28. AM 11:47,TAEGO,12,WN,2,243,0,2
Cup Week 3,14,26. 2. 28. AM 11:47,TAEGO,15,DD,2,279,0,2
Cup Week 3,14,26. 2. 28. AM 11:47,TAEGO,14,MHG,1,190,0,1
Cup Week 3,15,26. 2. 28. PM 12:29,RONDO,1,TCN,12,2119,10,22
Cup Week 3,15,26. 2. 28. PM 12:29,RONDO,2,DD,6,1282,6,12
Cup Week 3,15,26. 2. 28. PM 12:29,RONDO,4,YP,8,1072,4,12
Cup Week 3,15,26. 2. 28. PM 12:29,RONDO,3,MHG,4,1074,5,9
Cup Week 3,15,26. 2. 28. PM 12:29,RONDO,7,WN,8,908,1,9
Cup Week 3,15,26. 2. 28. PM 12:29,RONDO,8,SZ,7,730,1,8
Cup Week 3,15,26. 2. 28. PM 12:29,RONDO,5,Ark,4,668,3,7
Cup Week 3,15,26. 2. 28. PM 12:29,RONDO,13,KX,6,852,0,6
Cup Week 3,15,26. 2. 28. PM 12:29,RONDO,6,PUSH,3,305,2,5
Cup Week 3,15,26. 2. 28. PM 12:29,RONDO,10,FLS,3,309,0,3
Cup Week 3,15,26. 2. 28. PM 12:29,RONDO,16,SXA,3,445,0,3
Cup Week 3,15,26. 2. 28. PM 12:29,RONDO,11,HW,1,523,0,1
Cup Week 3,15,26. 2. 28. PM 12:29,RONDO,14,HMS,1,460,0,1
Cup Week 3,15,26. 2. 28. PM 12:29,RONDO,9,Hi,0,223,0,0
Cup Week 3,15,26. 2. 28. PM 12:29,RONDO,12,XW,0,417,0,0
Cup Week 3,15,26. 2. 28. PM 12:29,RONDO,15,SRI,0,90,0,0
Cup Week 4,16,26. 3. 7. AM 9:48,ERANGEL,1,DD,11,1975,10,21
Cup Week 4,16,26. 3. 7. AM 9:48,ERANGEL,3,SRY,6,1227,5,11
Cup Week 4,16,26. 3. 7. AM 9:48,ERANGEL,6,BKL,9,1138,2,11
Cup Week 4,16,26. 3. 7. AM 9:48,ERANGEL,4,XGZ,5,1671,4,9
Cup Week 4,16,26. 3. 7. AM 9:48,ERANGEL,2,4000,2,773,6,8
Cup Week 4,16,26. 3. 7. AM 9:48,ERANGEL,9,MHG,7,1092,0,7
Cup Week 4,16,26. 3. 7. AM 9:48,ERANGEL,10,YP,6,732,0,6
Cup Week 4,16,26. 3. 7. AM 9:48,ERANGEL,7,570,4,590,1,5
Cup Week 4,16,26. 3. 7. AM 9:48,ERANGEL,5,PNKO,1,1106,3,4
Cup Week 4,16,26. 3. 7. AM 9:48,ERANGEL,15,TCN,3,833,0,3
Cup Week 4,16,26. 3. 7. AM 9:48,ERANGEL,8,WHO,1,376,1,2
Cup Week 4,16,26. 3. 7. AM 9:48,ERANGEL,11,9GY,1,288,0,1
Cup Week 4,16,26. 3. 7. AM 9:48,ERANGEL,12,KMR,1,251,0,1
Cup Week 4,16,26. 3. 7. AM 9:48,ERANGEL,14,SRI,1,111,0,1
Cup Week 4,16,26. 3. 7. AM 9:48,ERANGEL,13,Ez,0,220,0,0
Cup Week 4,16,26. 3. 7. AM 9:48,ERANGEL,16,XW,0,137,0,0
Cup Week 4,17,26. 3. 7. AM 10:24,ERANGEL,2,DD,15,2122,6,21
Cup Week 4,17,26. 3. 7. AM 10:24,ERANGEL,1,SRI,6,1500,10,16
Cup Week 4,17,26. 3. 7. AM 10:24,ERANGEL,3,BKL,6,940,5,11
Cup Week 4,17,26. 3. 7. AM 10:24,ERANGEL,6,YP,8,930,2,10
Cup Week 4,17,26. 3. 7. AM 10:24,ERANGEL,4,TCN,5,1080,4,9
Cup Week 4,17,26. 3. 7. AM 10:24,ERANGEL,9,WHO,8,1111,0,8
Cup Week 4,17,26. 3. 7. AM 10:24,ERANGEL,12,Ez,8,976,0,8
Cup Week 4,17,26. 3. 7. AM 10:24,ERANGEL,11,XW,5,859,0,5
Cup Week 4,17,26. 3. 7. AM 10:24,ERANGEL,5,4000,0,179,3,3
Cup Week 4,17,26. 3. 7. AM 10:24,ERANGEL,7,MHG,0,471,1,1
Cup Week 4,17,26. 3. 7. AM 10:24,ERANGEL,8,KMR,0,81,1,1
Cup Week 4,17,26. 3. 7. AM 10:24,ERANGEL,10,9GY,1,226,0,1
Cup Week 4,17,26. 3. 7. AM 10:24,ERANGEL,14,PNKO,1,290,0,1
Cup Week 4,17,26. 3. 7. AM 10:24,ERANGEL,15,570,1,219,0,1
Cup Week 4,17,26. 3. 7. AM 10:24,ERANGEL,16,SRY,1,262,0,1
Cup Week 4,17,26. 3. 7. AM 10:24,ERANGEL,13,XGZ,0,180,0,0
Cup Week 4,18,26. 3. 7. AM 11:11,TAEGO,1,XW,8,1003,10,18
Cup Week 4,18,26. 3. 7. AM 11:11,TAEGO,3,SRY,7,974,5,12
Cup Week 4,18,26. 3. 7. AM 11:11,TAEGO,4,TCN,7,1536,4,11
Cup Week 4,18,26. 3. 7. AM 11:11,TAEGO,2,YP,4,810,6,10
Cup Week 4,18,26. 3. 7. AM 11:11,TAEGO,8,570,9,1300,1,10
Cup Week 4,18,26. 3. 7. AM 11:11,TAEGO,9,MHG,8,1046,0,8
Cup Week 4,18,26. 3. 7. AM 11:11,TAEGO,6,DD,5,463,2,7
Cup Week 4,18,26. 3. 7. AM 11:11,TAEGO,11,WHO,5,564,0,5
Cup Week 4,18,26. 3. 7. AM 11:11,TAEGO,5,4000,1,159,3,4
Cup Week 4,18,26. 3. 7. AM 11:11,TAEGO,13,XGZ,4,487,0,4
Cup Week 4,18,26. 3. 7. AM 11:11,TAEGO,7,BKL,2,369,1,3
Cup Week 4,18,26. 3. 7. AM 11:11,TAEGO,15,9GY,1,318,0,1
Cup Week 4,18,26. 3. 7. AM 11:11,TAEGO,10,KMR,0,269,0,0
Cup Week 4,18,26. 3. 7. AM 11:11,TAEGO,12,PNKO,0,357,0,0
Cup Week 4,18,26. 3. 7. AM 11:11,TAEGO,14,Ez,0,202,0,0
Cup Week 4,18,26. 3. 7. AM 11:11,TAEGO,16,SRI,0,365,0,0
Cup Week 4,19,26. 3. 7. AM 11:49,MIRAMAR,1,Ez,15,2124,10,25
Cup Week 4,19,26. 3. 7. AM 11:49,MIRAMAR,2,PNKO,11,1526,6,17
Cup Week 4,19,26. 3. 7. AM 11:49,MIRAMAR,3,XGZ,6,1223,5,11
Cup Week 4,19,26. 3. 7. AM 11:49,MIRAMAR,4,BKL,6,1385,4,10
Cup Week 4,19,26. 3. 7. AM 11:49,MIRAMAR,6,TCN,4,1171,2,6
Cup Week 4,19,26. 3. 7. AM 11:49,MIRAMAR,8,570,4,449,1,5
Cup Week 4,19,26. 3. 7. AM 11:49,MIRAMAR,5,SRI,1,377,3,4
Cup Week 4,19,26. 3. 7. AM 11:49,MIRAMAR,11,XW,4,534,0,4
Cup Week 4,19,26. 3. 7. AM 11:49,MIRAMAR,9,SRY,3,431,0,3
Cup Week 4,19,26. 3. 7. AM 11:49,MIRAMAR,10,MHG,3,586,0,3
Cup Week 4,19,26. 3. 7. AM 11:49,MIRAMAR,12,DD,3,314,0,3
Cup Week 4,19,26. 3. 7. AM 11:49,MIRAMAR,7,9GY,0,846,1,1
Cup Week 4,19,26. 3. 7. AM 11:49,MIRAMAR,14,YP,1,328,0,1
Cup Week 4,19,26. 3. 7. AM 11:49,MIRAMAR,15,WHO,1,316,0,1
Cup Week 4,19,26. 3. 7. AM 11:49,MIRAMAR,13,4000,0,263,0,0
Cup Week 4,19,26. 3. 7. AM 11:49,MIRAMAR,16,KMR,0,271,0,0
Cup Week 4,20,26. 3. 7. PM 12:33,MIRAMAR,1,YP,11,1791,10,21
Cup Week 4,20,26. 3. 7. PM 12:33,MIRAMAR,2,TCN,8,1683,6,14
Cup Week 4,20,26. 3. 7. PM 12:33,MIRAMAR,3,SRI,6,1322,5,11
Cup Week 4,20,26. 3. 7. PM 12:33,MIRAMAR,6,Ez,8,1276,2,10
Cup Week 4,20,26. 3. 7. PM 12:33,MIRAMAR,4,BKL,5,1164,4,9
Cup Week 4,20,26. 3. 7. PM 12:33,MIRAMAR,5,XGZ,5,548,3,8
Cup Week 4,20,26. 3. 7. PM 12:33,MIRAMAR,11,4000,5,602,0,5
Cup Week 4,20,26. 3. 7. PM 12:33,MIRAMAR,9,PNKO,4,984,0,4
Cup Week 4,20,26. 3. 7. PM 12:33,MIRAMAR,13,DD,3,411,0,3
Cup Week 4,20,26. 3. 7. PM 12:33,MIRAMAR,8,XW,1,219,1,2
Cup Week 4,20,26. 3. 7. PM 12:33,MIRAMAR,10,MHG,2,449,0,2
Cup Week 4,20,26. 3. 7. PM 12:33,MIRAMAR,7,WHO,0,331,1,1
Cup Week 4,20,26. 3. 7. PM 12:33,MIRAMAR,14,570,1,326,0,1
Cup Week 4,20,26. 3. 7. PM 12:33,MIRAMAR,12,SRY,0,289,0,0
Cup Week 4,20,26. 3. 7. PM 12:33,MIRAMAR,15,KMR,0,17,0,0
Cup Week 4,20,26. 3. 7. PM 12:33,MIRAMAR,16,9GY,0,243,0,0
Cup Week 5,21,26. 3. 14. AM 9:48,ERANGEL,1,XGZ,9,1939,10,19
Cup Week 5,21,26. 3. 14. AM 9:48,ERANGEL,4,SXG,15,1714,4,19
Cup Week 5,21,26. 3. 14. AM 9:48,ERANGEL,2,XW,8,786,6,14
Cup Week 5,21,26. 3. 14. AM 9:48,ERANGEL,6,KX,8,974,2,10
Cup Week 5,21,26. 3. 14. AM 9:48,ERANGEL,3,ZEN,4,376,5,9
Cup Week 5,21,26. 3. 14. AM 9:48,ERANGEL,8,BKL,7,862,1,8
Cup Week 5,21,26. 3. 14. AM 9:48,ERANGEL,7,V7,6,1032,1,7
Cup Week 5,21,26. 3. 14. AM 9:48,ERANGEL,5,TCN,0,1365,3,3
Cup Week 5,21,26. 3. 14. AM 9:48,ERANGEL,9,02,2,395,0,2
Cup Week 5,21,26. 3. 14. AM 9:48,ERANGEL,10,1004,2,224,0,2
Cup Week 5,21,26. 3. 14. AM 9:48,ERANGEL,12,KRT,1,485,0,1
Cup Week 5,21,26. 3. 14. AM 9:48,ERANGEL,13,SRY,1,361,0,1
Cup Week 5,21,26. 3. 14. AM 9:48,ERANGEL,15,PUSH,1,385,0,1
Cup Week 5,21,26. 3. 14. AM 9:48,ERANGEL,16,TSC,1,446,0,1
Cup Week 5,21,26. 3. 14. AM 9:48,ERANGEL,11,DV,0,439,0,0
Cup Week 5,21,26. 3. 14. AM 9:48,ERANGEL,14,CBL,0,123,0,0
Cup Week 5,22,26. 3. 14. AM 10:25,MIRAMAR,1,XW,10,1863,10,20
Cup Week 5,22,26. 3. 14. AM 10:25,MIRAMAR,4,KRT,9,1185,4,13
Cup Week 5,22,26. 3. 14. AM 10:25,MIRAMAR,5,KX,7,1378,3,10
Cup Week 5,22,26. 3. 14. AM 10:25,MIRAMAR,3,CBL,3,440,5,8
Cup Week 5,22,26. 3. 14. AM 10:25,MIRAMAR,6,DV,6,1426,2,8
Cup Week 5,22,26. 3. 14. AM 10:25,MIRAMAR,14,PUSH,8,945,0,8
Cup Week 5,22,26. 3. 14. AM 10:25,MIRAMAR,2,SRY,1,553,6,7
Cup Week 5,22,26. 3. 14. AM 10:25,MIRAMAR,8,XGZ,6,990,1,7
Cup Week 5,22,26. 3. 14. AM 10:25,MIRAMAR,7,BKL,5,479,1,6
Cup Week 5,22,26. 3. 14. AM 10:25,MIRAMAR,9,TCN,4,926,0,4
Cup Week 5,22,26. 3. 14. AM 10:25,MIRAMAR,11,SXG,2,466,0,2
Cup Week 5,22,26. 3. 14. AM 10:25,MIRAMAR,13,V7,1,426,0,1
Cup Week 5,22,26. 3. 14. AM 10:25,MIRAMAR,10,02,0,307,0,0
Cup Week 5,22,26. 3. 14. AM 10:25,MIRAMAR,12,TSC,0,157,0,0
Cup Week 5,22,26. 3. 14. AM 10:25,MIRAMAR,15,ZEN,0,24,0,0
Cup Week 5,22,26. 3. 14. AM 10:25,MIRAMAR,16,1004,0,147,0,0
Cup Week 5,23,26. 3. 14. AM 11:10,TAEGO,1,BKL,8,1496,10,18
Cup Week 5,23,26. 3. 14. AM 11:10,TAEGO,2,KX,9,1743,6,15
Cup Week 5,23,26. 3. 14. AM 11:10,TAEGO,3,TSC,8,2003,5,13
Cup Week 5,23,26. 3. 14. AM 11:10,TAEGO,6,SXG,5,803,2,7
Cup Week 5,23,26. 3. 14. AM 11:10,TAEGO,9,XGZ,7,1094,0,7
Cup Week 5,23,26. 3. 14. AM 11:10,TAEGO,4,ZEN,1,1025,4,5
Cup Week 5,23,26. 3. 14. AM 11:10,TAEGO,5,XW,2,496,3,5
Cup Week 5,23,26. 3. 14. AM 11:10,TAEGO,10,V7,4,456,0,4
Cup Week 5,23,26. 3. 14. AM 11:10,TAEGO,11,TCN,4,541,0,4
Cup Week 5,23,26. 3. 14. AM 11:10,TAEGO,14,1004,4,546,0,4
Cup Week 5,23,26. 3. 14. AM 11:10,TAEGO,8,02,2,390,1,3
Cup Week 5,23,26. 3. 14. AM 11:10,TAEGO,12,KRT,3,649,0,3
Cup Week 5,23,26. 3. 14. AM 11:10,TAEGO,13,DV,3,515,0,3
Cup Week 5,23,26. 3. 14. AM 11:10,TAEGO,15,CBL,2,344,0,2
Cup Week 5,23,26. 3. 14. AM 11:10,TAEGO,7,SRY,0,64,1,1
Cup Week 5,23,26. 3. 14. AM 11:10,TAEGO,16,PUSH,1,271,0,1
Cup Week 5,24,26. 3. 14. AM 11:49,TAEGO,1,TCN,12,1955,10,22
Cup Week 5,24,26. 3. 14. AM 11:49,TAEGO,2,V7,6,1134,6,12
Cup Week 5,24,26. 3. 14. AM 11:49,TAEGO,4,XGZ,6,1191,4,10
Cup Week 5,24,26. 3. 14. AM 11:49,TAEGO,11,1004,8,1255,0,8
Cup Week 5,24,26. 3. 14. AM 11:49,TAEGO,5,XW,3,215,3,6
Cup Week 5,24,26. 3. 14. AM 11:49,TAEGO,6,ZEN,4,696,2,6
Cup Week 5,24,26. 3. 14. AM 11:49,TAEGO,8,SXG,5,420,1,6
Cup Week 5,24,26. 3. 14. AM 11:49,TAEGO,3,02,0,0,5,5
Cup Week 5,24,26. 3. 14. AM 11:49,TAEGO,14,CBL,4,447,0,4
Cup Week 5,24,26. 3. 14. AM 11:49,TAEGO,10,BKL,3,442,0,3
Cup Week 5,24,26. 3. 14. AM 11:49,TAEGO,12,KRT,3,850,0,3
Cup Week 5,24,26. 3. 14. AM 11:49,TAEGO,15,PUSH,3,398,0,3
Cup Week 5,24,26. 3. 14. AM 11:49,TAEGO,9,KX,2,445,0,2
Cup Week 5,24,26. 3. 14. AM 11:49,TAEGO,13,TSC,2,435,0,2
Cup Week 5,24,26. 3. 14. AM 11:49,TAEGO,7,SRY,0,329,1,1
Cup Week 5,24,26. 3. 14. AM 11:49,TAEGO,16,DV,1,232,0,1
Cup Week 5,25,26. 3. 14. PM 12:33,MIRAMAR,1,1004,17,2027,10,27
Cup Week 5,25,26. 3. 14. PM 12:33,MIRAMAR,2,TCN,12,1613,6,18
Cup Week 5,25,26. 3. 14. PM 12:33,MIRAMAR,5,KRT,11,1745,3,14
Cup Week 5,25,26. 3. 14. PM 12:33,MIRAMAR,3,02,2,532,5,7
Cup Week 5,25,26. 3. 14. PM 12:33,MIRAMAR,8,TSC,6,1112,1,7
Cup Week 5,25,26. 3. 14. PM 12:33,MIRAMAR,4,KX,2,642,4,6
Cup Week 5,25,26. 3. 14. PM 12:33,MIRAMAR,6,SXG,3,543,2,5
Cup Week 5,25,26. 3. 14. PM 12:33,MIRAMAR,7,V7,2,260,1,3
Cup Week 5,25,26. 3. 14. PM 12:33,MIRAMAR,9,ZEN,3,369,0,3
Cup Week 5,25,26. 3. 14. PM 12:33,MIRAMAR,11,XW,1,291,0,1
Cup Week 5,25,26. 3. 14. PM 12:33,MIRAMAR,14,CBL,1,402,0,1
Cup Week 5,25,26. 3. 14. PM 12:33,MIRAMAR,15,DV,1,498,0,1
Cup Week 5,25,26. 3. 14. PM 12:33,MIRAMAR,10,XGZ,0,181,0,0
Cup Week 5,25,26. 3. 14. PM 12:33,MIRAMAR,12,SRY,0,211,0,0
Cup Week 5,25,26. 3. 14. PM 12:33,MIRAMAR,13,BKL,0,321,0,0
Cup Week 5,25,26. 3. 14. PM 12:33,MIRAMAR,16,PUSH,0,0,0,0
Weekly Stage — Week 1 Day 1,26,26. 4. 15. AM 9:55,ERANGEL,1,DN SOOPers,12,1348,10,22
Weekly Stage — Week 1 Day 1,26,26. 4. 15. AM 9:55,ERANGEL,2,ARK,10,1700,6,16
Weekly Stage — Week 1 Day 1,26,26. 4. 15. AM 9:55,ERANGEL,3,SPF,6,997,5,11
Weekly Stage — Week 1 Day 1,26,26. 4. 15. AM 9:55,ERANGEL,4,PHE,4,1048,4,8
Weekly Stage — Week 1 Day 1,26,26. 4. 15. AM 9:55,ERANGEL,6,XXG,5,1042,2,7
Weekly Stage — Week 1 Day 1,26,26. 4. 15. AM 9:55,ERANGEL,5,FN,2,170,3,5
Weekly Stage — Week 1 Day 1,26,26. 4. 15. AM 9:55,ERANGEL,13,DD,5,630,0,5
Weekly Stage — Week 1 Day 1,26,26. 4. 15. AM 9:55,ERANGEL,11,SGA,4,824,0,4
Weekly Stage — Week 1 Day 1,26,26. 4. 15. AM 9:55,ERANGEL,9,AZLA,3,388,0,3
Weekly Stage — Week 1 Day 1,26,26. 4. 15. AM 9:55,ERANGEL,12,GEN,3,927,0,3
Weekly Stage — Week 1 Day 1,26,26. 4. 15. AM 9:55,ERANGEL,7,SB,1,547,1,2
Weekly Stage — Week 1 Day 1,26,26. 4. 15. AM 9:55,ERANGEL,8,ART,1,846,1,2
Weekly Stage — Week 1 Day 1,26,26. 4. 15. AM 9:55,ERANGEL,14,ER,2,271,0,2
Weekly Stage — Week 1 Day 1,26,26. 4. 15. AM 9:55,ERANGEL,10,DN,1,979,0,1
Weekly Stage — Week 1 Day 1,26,26. 4. 15. AM 9:55,ERANGEL,16,VEX,1,341,0,1
Weekly Stage — Week 1 Day 1,26,26. 4. 15. AM 9:55,ERANGEL,15,OS,0,203,0,0
Weekly Stage — Week 1 Day 1,27,26. 4. 15. AM 10:36,RONDO,1,GEN,8,1234,10,18
Weekly Stage — Week 1 Day 1,27,26. 4. 15. AM 10:36,RONDO,2,SB,8,902,6,14
Weekly Stage — Week 1 Day 1,27,26. 4. 15. AM 10:36,RONDO,3,AZLA,7,1223,5,12
Weekly Stage — Week 1 Day 1,27,26. 4. 15. AM 10:36,RONDO,4,SPF,3,779,4,7
Weekly Stage — Week 1 Day 1,27,26. 4. 15. AM 10:36,RONDO,6,ART,4,1150,2,6
Weekly Stage — Week 1 Day 1,27,26. 4. 15. AM 10:36,RONDO,8,VEX,4,684,1,5
Weekly Stage — Week 1 Day 1,27,26. 4. 15. AM 10:36,RONDO,5,PHE,1,746,3,4
Weekly Stage — Week 1 Day 1,27,26. 4. 15. AM 10:36,RONDO,9,SGA,4,883,0,4
Weekly Stage — Week 1 Day 1,27,26. 4. 15. AM 10:36,RONDO,13,OS,4,607,0,4
Weekly Stage — Week 1 Day 1,27,26. 4. 15. AM 10:36,RONDO,15,FN,4,774,0,4
Weekly Stage — Week 1 Day 1,27,26. 4. 15. AM 10:36,RONDO,11,ER,3,462,0,3
Weekly Stage — Week 1 Day 1,27,26. 4. 15. AM 10:36,RONDO,7,DN SOOPers,1,466,1,2
Weekly Stage — Week 1 Day 1,27,26. 4. 15. AM 10:36,RONDO,10,DD,2,416,0,2
Weekly Stage — Week 1 Day 1,27,26. 4. 15. AM 10:36,RONDO,14,ARK,2,312,0,2
Weekly Stage — Week 1 Day 1,27,26. 4. 15. AM 10:36,RONDO,12,XXG,1,127,0,1
Weekly Stage — Week 1 Day 1,27,26. 4. 15. AM 10:36,RONDO,16,DN,1,120,0,1
Weekly Stage — Week 1 Day 1,28,26. 4. 15. AM 11:17,MIRAMAR,2,FN,10,1399,6,16
Weekly Stage — Week 1 Day 1,28,26. 4. 15. AM 11:17,MIRAMAR,4,VEX,8,1640,4,12
Weekly Stage — Week 1 Day 1,28,26. 4. 15. AM 11:17,MIRAMAR,5,DN,9,1131,3,12
Weekly Stage — Week 1 Day 1,28,26. 4. 15. AM 11:17,MIRAMAR,1,XXG,1,455,10,11
Weekly Stage — Week 1 Day 1,28,26. 4. 15. AM 11:17,MIRAMAR,3,ART,6,1480,5,11
Weekly Stage — Week 1 Day 1,28,26. 4. 15. AM 11:17,MIRAMAR,6,GEN,5,974,2,7
Weekly Stage — Week 1 Day 1,28,26. 4. 15. AM 11:17,MIRAMAR,10,SB,7,861,0,7
Weekly Stage — Week 1 Day 1,28,26. 4. 15. AM 11:17,MIRAMAR,9,ARK,5,739,0,5
Weekly Stage — Week 1 Day 1,28,26. 4. 15. AM 11:17,MIRAMAR,8,DN SOOPers,2,588,1,3
Weekly Stage — Week 1 Day 1,28,26. 4. 15. AM 11:17,MIRAMAR,12,SGA,3,906,0,3
Weekly Stage — Week 1 Day 1,28,26. 4. 15. AM 11:17,MIRAMAR,7,OS,1,1195,1,2
Weekly Stage — Week 1 Day 1,28,26. 4. 15. AM 11:17,MIRAMAR,11,AZLA,2,425,0,2
Weekly Stage — Week 1 Day 1,28,26. 4. 15. AM 11:17,MIRAMAR,13,PHE,1,174,0,1
Weekly Stage — Week 1 Day 1,28,26. 4. 15. AM 11:17,MIRAMAR,15,ER,1,275,0,1
Weekly Stage — Week 1 Day 1,28,26. 4. 15. AM 11:17,MIRAMAR,16,SPF,1,209,0,1
Weekly Stage — Week 1 Day 1,28,26. 4. 15. AM 11:17,MIRAMAR,14,DD,0,200,0,0
Weekly Stage — Week 1 Day 1,29,26. 4. 15. AM 11:56,TAEGO,1,DN SOOPers,11,1618,10,21
Weekly Stage — Week 1 Day 1,29,26. 4. 15. AM 11:56,TAEGO,3,GEN,7,778,5,12
Weekly Stage — Week 1 Day 1,29,26. 4. 15. AM 11:56,TAEGO,4,PHE,7,1194,4,11
Weekly Stage — Week 1 Day 1,29,26. 4. 15. AM 11:56,TAEGO,2,XXG,4,695,6,10
Weekly Stage — Week 1 Day 1,29,26. 4. 15. AM 11:56,TAEGO,5,ER,5,1111,3,8
Weekly Stage — Week 1 Day 1,29,26. 4. 15. AM 11:56,TAEGO,6,ART,6,910,2,8
Weekly Stage — Week 1 Day 1,29,26. 4. 15. AM 11:56,TAEGO,7,OS,4,513,1,5
Weekly Stage — Week 1 Day 1,29,26. 4. 15. AM 11:56,TAEGO,13,SPF,5,593,0,5
Weekly Stage — Week 1 Day 1,29,26. 4. 15. AM 11:56,TAEGO,8,ARK,3,423,1,4
Weekly Stage — Week 1 Day 1,29,26. 4. 15. AM 11:56,TAEGO,11,FN,3,472,0,3
Weekly Stage — Week 1 Day 1,29,26. 4. 15. AM 11:56,TAEGO,9,AZLA,2,397,0,2
Weekly Stage — Week 1 Day 1,29,26. 4. 15. AM 11:56,TAEGO,16,VEX,2,418,0,2
Weekly Stage — Week 1 Day 1,29,26. 4. 15. AM 11:56,TAEGO,10,SGA,0,198,0,0
Weekly Stage — Week 1 Day 1,29,26. 4. 15. AM 11:56,TAEGO,12,DN,0,476,0,0
Weekly Stage — Week 1 Day 1,29,26. 4. 15. AM 11:56,TAEGO,14,DD,0,48,0,0
Weekly Stage — Week 1 Day 1,29,26. 4. 15. AM 11:56,TAEGO,15,SB,0,485,0,0
Weekly Stage — Week 1 Day 1,30,26. 4. 15. PM 12:36,ERANGEL,2,VEX,12,1621,6,18
Weekly Stage — Week 1 Day 1,30,26. 4. 15. PM 12:36,ERANGEL,1,ARK,6,1418,10,16
Weekly Stage — Week 1 Day 1,30,26. 4. 15. PM 12:36,ERANGEL,3,ART,11,1601,5,16
Weekly Stage — Week 1 Day 1,30,26. 4. 15. PM 12:36,ERANGEL,4,GEN,4,1860,4,8
Weekly Stage — Week 1 Day 1,30,26. 4. 15. PM 12:36,ERANGEL,5,FN,4,408,3,7
Weekly Stage — Week 1 Day 1,30,26. 4. 15. PM 12:36,ERANGEL,7,AZLA,5,653,1,6
Weekly Stage — Week 1 Day 1,30,26. 4. 15. PM 12:36,ERANGEL,6,XXG,3,358,2,5
Weekly Stage — Week 1 Day 1,30,26. 4. 15. PM 12:36,ERANGEL,11,DN SOOPers,4,463,0,4
Weekly Stage — Week 1 Day 1,30,26. 4. 15. PM 12:36,ERANGEL,14,DD,4,635,0,4
Weekly Stage — Week 1 Day 1,30,26. 4. 15. PM 12:36,ERANGEL,15,SB,4,396,0,4
Weekly Stage — Week 1 Day 1,30,26. 4. 15. PM 12:36,ERANGEL,8,SGA,2,404,1,3
Weekly Stage — Week 1 Day 1,30,26. 4. 15. PM 12:36,ERANGEL,10,OS,3,446,0,3
Weekly Stage — Week 1 Day 1,30,26. 4. 15. PM 12:36,ERANGEL,12,PHE,2,266,0,2
Weekly Stage — Week 1 Day 1,30,26. 4. 15. PM 12:36,ERANGEL,16,DN,2,340,0,2
Weekly Stage — Week 1 Day 1,30,26. 4. 15. PM 12:36,ERANGEL,9,SPF,0,308,0,0
Weekly Stage — Week 1 Day 1,30,26. 4. 15. PM 12:36,ERANGEL,13,ER,0,489,0,0
Weekly Stage — Week 1 Day 2,31,26. 4. 16. AM 9:50,ERANGEL,3,SB,13,1820,5,18
Weekly Stage — Week 1 Day 2,31,26. 4. 16. AM 9:50,ERANGEL,1,SEN,4,930,10,14
Weekly Stage — Week 1 Day 2,31,26. 4. 16. AM 9:50,ERANGEL,2,SGA,6,1015,6,12
Weekly Stage — Week 1 Day 2,31,26. 4. 16. AM 9:50,ERANGEL,4,DD,6,688,4,10
Weekly Stage — Week 1 Day 2,31,26. 4. 16. AM 9:50,ERANGEL,5,T1,6,1147,3,9
Weekly Stage — Week 1 Day 2,31,26. 4. 16. AM 9:50,ERANGEL,6,SPF,4,1475,2,6
Weekly Stage — Week 1 Day 2,31,26. 4. 16. AM 9:50,ERANGEL,9,Geekay Esports,5,909,0,5
Weekly Stage — Week 1 Day 2,31,26. 4. 16. AM 9:50,ERANGEL,7,FN,3,726,1,4
Weekly Stage — Week 1 Day 2,31,26. 4. 16. AM 9:50,ERANGEL,10,ER,4,795,0,4
Weekly Stage — Week 1 Day 2,31,26. 4. 16. AM 9:50,ERANGEL,8,GEN,2,723,1,3
Weekly Stage — Week 1 Day 2,31,26. 4. 16. AM 9:50,ERANGEL,12,YP,3,359,0,3
Weekly Stage — Week 1 Day 2,31,26. 4. 16. AM 9:50,ERANGEL,14,PHE,2,510,0,2
Weekly Stage — Week 1 Day 2,31,26. 4. 16. AM 9:50,ERANGEL,11,CR,1,628,0,1
Weekly Stage — Week 1 Day 2,31,26. 4. 16. AM 9:50,ERANGEL,13,SXA,1,195,0,1
Weekly Stage — Week 1 Day 2,31,26. 4. 16. AM 9:50,ERANGEL,16,EOS,1,140,0,1
Weekly Stage — Week 1 Day 2,31,26. 4. 16. AM 9:50,ERANGEL,15,DGP,0,245,0,0
Weekly Stage — Week 1 Day 2,32,26. 4. 16. AM 10:27,RONDO,5,SGA,16,1906,3,19
Weekly Stage — Week 1 Day 2,32,26. 4. 16. AM 10:27,RONDO,1,EOS,7,1317,10,17
Weekly Stage — Week 1 Day 2,32,26. 4. 16. AM 10:27,RONDO,2,GEN,11,1788,6,17
Weekly Stage — Week 1 Day 2,32,26. 4. 16. AM 10:27,RONDO,4,SEN,9,1239,4,13
Weekly Stage — Week 1 Day 2,32,26. 4. 16. AM 10:27,RONDO,3,PHE,6,1444,5,11
Weekly Stage — Week 1 Day 2,32,26. 4. 16. AM 10:27,RONDO,6,DGP,4,933,2,6
Weekly Stage — Week 1 Day 2,32,26. 4. 16. AM 10:27,RONDO,13,SB,4,643,0,4
Weekly Stage — Week 1 Day 2,32,26. 4. 16. AM 10:27,RONDO,11,SXA,3,803,0,3
Weekly Stage — Week 1 Day 2,32,26. 4. 16. AM 10:27,RONDO,8,T1,1,645,1,2
Weekly Stage — Week 1 Day 2,32,26. 4. 16. AM 10:27,RONDO,7,SPF,0,226,1,1
Weekly Stage — Week 1 Day 2,32,26. 4. 16. AM 10:27,RONDO,9,YP,1,303,0,1
Weekly Stage — Week 1 Day 2,32,26. 4. 16. AM 10:27,RONDO,10,FN,0,221,0,0
Weekly Stage — Week 1 Day 2,32,26. 4. 16. AM 10:27,RONDO,12,ER,0,195,0,0
Weekly Stage — Week 1 Day 2,32,26. 4. 16. AM 10:27,RONDO,14,Geekay Esports,0,235,0,0
Weekly Stage — Week 1 Day 2,32,26. 4. 16. AM 10:27,RONDO,15,DD,0,229,0,0
Weekly Stage — Week 1 Day 2,32,26. 4. 16. AM 10:27,RONDO,16,CR,0,120,0,0
Weekly Stage — Week 1 Day 2,33,26. 4. 16. AM 11:12,MIRAMAR,1,T1,12,1514,10,22
Weekly Stage — Week 1 Day 2,33,26. 4. 16. AM 11:12,MIRAMAR,2,FN,6,1256,6,12
Weekly Stage — Week 1 Day 2,33,26. 4. 16. AM 11:12,MIRAMAR,3,SXA,7,1174,5,12
Weekly Stage — Week 1 Day 2,33,26. 4. 16. AM 11:12,MIRAMAR,5,Geekay Esports,4,811,3,7
Weekly Stage — Week 1 Day 2,33,26. 4. 16. AM 11:12,MIRAMAR,4,SB,2,993,4,6
Weekly Stage — Week 1 Day 2,33,26. 4. 16. AM 11:12,MIRAMAR,6,EOS,3,764,2,5
Weekly Stage — Week 1 Day 2,33,26. 4. 16. AM 11:12,MIRAMAR,8,DGP,4,796,1,5
Weekly Stage — Week 1 Day 2,33,26. 4. 16. AM 11:12,MIRAMAR,15,GEN,4,600,0,4
Weekly Stage — Week 1 Day 2,33,26. 4. 16. AM 11:12,MIRAMAR,9,CR,3,501,0,3
Weekly Stage — Week 1 Day 2,33,26. 4. 16. AM 11:12,MIRAMAR,11,ER,3,892,0,3
Weekly Stage — Week 1 Day 2,33,26. 4. 16. AM 11:12,MIRAMAR,12,PHE,3,199,0,3
Weekly Stage — Week 1 Day 2,33,26. 4. 16. AM 11:12,MIRAMAR,13,SPF,3,599,0,3
Weekly Stage — Week 1 Day 2,33,26. 4. 16. AM 11:12,MIRAMAR,7,DD,1,521,1,2
Weekly Stage — Week 1 Day 2,33,26. 4. 16. AM 11:12,MIRAMAR,14,YP,2,358,0,2
Weekly Stage — Week 1 Day 2,33,26. 4. 16. AM 11:12,MIRAMAR,10,SGA,1,493,0,1
Weekly Stage — Week 1 Day 2,33,26. 4. 16. AM 11:12,MIRAMAR,16,SEN,1,215,0,1
Weekly Stage — Week 1 Day 2,34,26. 4. 16. AM 11:50,TAEGO,3,SGA,12,1295,5,17
Weekly Stage — Week 1 Day 2,34,26. 4. 16. AM 11:50,TAEGO,1,SEN,6,1066,10,16
Weekly Stage — Week 1 Day 2,34,26. 4. 16. AM 11:50,TAEGO,5,EOS,10,1083,3,13
Weekly Stage — Week 1 Day 2,34,26. 4. 16. AM 11:50,TAEGO,2,PHE,1,265,6,7
Weekly Stage — Week 1 Day 2,34,26. 4. 16. AM 11:50,TAEGO,7,ER,6,1080,1,7
Weekly Stage — Week 1 Day 2,34,26. 4. 16. AM 11:50,TAEGO,4,YP,2,854,4,6
Weekly Stage — Week 1 Day 2,34,26. 4. 16. AM 11:50,TAEGO,8,FN,4,638,1,5
Weekly Stage — Week 1 Day 2,34,26. 4. 16. AM 11:50,TAEGO,9,Geekay Esports,5,649,0,5
Weekly Stage — Week 1 Day 2,34,26. 4. 16. AM 11:50,TAEGO,6,SPF,2,476,2,4
Weekly Stage — Week 1 Day 2,34,26. 4. 16. AM 11:50,TAEGO,10,DGP,4,806,0,4
Weekly Stage — Week 1 Day 2,34,26. 4. 16. AM 11:50,TAEGO,11,T1,3,788,0,3
Weekly Stage — Week 1 Day 2,34,26. 4. 16. AM 11:50,TAEGO,14,SB,2,516,0,2
Weekly Stage — Week 1 Day 2,34,26. 4. 16. AM 11:50,TAEGO,12,SXA,1,279,0,1
Weekly Stage — Week 1 Day 2,34,26. 4. 16. AM 11:50,TAEGO,16,CR,1,170,0,1
Weekly Stage — Week 1 Day 2,34,26. 4. 16. AM 11:50,TAEGO,13,DD,0,0,0,0
Weekly Stage — Week 1 Day 2,34,26. 4. 16. AM 11:50,TAEGO,15,GEN,0,156,0,0
Weekly Stage — Week 1 Day 2,35,26. 4. 16. PM 12:32,ERANGEL,1,EOS,11,1546,10,21
Weekly Stage — Week 1 Day 2,35,26. 4. 16. PM 12:32,ERANGEL,3,GEN,12,1271,5,17
Weekly Stage — Week 1 Day 2,35,26. 4. 16. PM 12:32,ERANGEL,2,DGP,5,946,6,11
Weekly Stage — Week 1 Day 2,35,26. 4. 16. PM 12:32,ERANGEL,5,SPF,5,1065,3,8
Weekly Stage — Week 1 Day 2,35,26. 4. 16. PM 12:32,ERANGEL,6,T1,6,737,2,8
Weekly Stage — Week 1 Day 2,35,26. 4. 16. PM 12:32,ERANGEL,4,ER,3,1199,4,7
Weekly Stage — Week 1 Day 2,35,26. 4. 16. PM 12:32,ERANGEL,7,SB,6,1043,1,7
Weekly Stage — Week 1 Day 2,35,26. 4. 16. PM 12:32,ERANGEL,15,CR,5,584,0,5
Weekly Stage — Week 1 Day 2,35,26. 4. 16. PM 12:32,ERANGEL,8,SGA,2,209,1,3
Weekly Stage — Week 1 Day 2,35,26. 4. 16. PM 12:32,ERANGEL,9,PHE,3,562,0,3
Weekly Stage — Week 1 Day 2,35,26. 4. 16. PM 12:32,ERANGEL,13,Geekay Esports,2,268,0,2
Weekly Stage — Week 1 Day 2,35,26. 4. 16. PM 12:32,ERANGEL,16,DD,2,294,0,2
Weekly Stage — Week 1 Day 2,35,26. 4. 16. PM 12:32,ERANGEL,10,YP,0,195,0,0
Weekly Stage — Week 1 Day 2,35,26. 4. 16. PM 12:32,ERANGEL,11,FN,0,44,0,0
Weekly Stage — Week 1 Day 2,35,26. 4. 16. PM 12:32,ERANGEL,12,SXA,0,253,0,0
Weekly Stage — Week 1 Day 2,35,26. 4. 16. PM 12:32,ERANGEL,14,SEN,0,305,0,0
Weekly Stage — Week 1 Day 3,36,26. 4. 17. AM 9:50,ERANGEL,1,XXG,11,1216,10,21
Weekly Stage — Week 1 Day 3,36,26. 4. 17. AM 9:50,ERANGEL,4,T1,13,1525,4,17
Weekly Stage — Week 1 Day 3,36,26. 4. 17. AM 9:50,ERANGEL,2,VEX,3,1080,6,9
Weekly Stage — Week 1 Day 3,36,26. 4. 17. AM 9:50,ERANGEL,3,DN,4,1663,5,9
Weekly Stage — Week 1 Day 3,36,26. 4. 17. AM 9:50,ERANGEL,8,CR,6,977,1,7
Weekly Stage — Week 1 Day 3,36,26. 4. 17. AM 9:50,ERANGEL,10,Geekay Esports,7,930,0,7
Weekly Stage — Week 1 Day 3,36,26. 4. 17. AM 9:50,ERANGEL,7,DN SOOPers,4,913,1,5
Weekly Stage — Week 1 Day 3,36,26. 4. 17. AM 9:50,ERANGEL,11,EOS,5,848,0,5
Weekly Stage — Week 1 Day 3,36,26. 4. 17. AM 9:50,ERANGEL,6,OS,2,565,2,4
Weekly Stage — Week 1 Day 3,36,26. 4. 17. AM 9:50,ERANGEL,9,ARK,4,673,0,4
Weekly Stage — Week 1 Day 3,36,26. 4. 17. AM 9:50,ERANGEL,5,YP,0,305,3,3
Weekly Stage — Week 1 Day 3,36,26. 4. 17. AM 9:50,ERANGEL,12,DGP,1,180,0,1
Weekly Stage — Week 1 Day 3,36,26. 4. 17. AM 9:50,ERANGEL,13,ART,1,405,0,1
Weekly Stage — Week 1 Day 3,36,26. 4. 17. AM 9:50,ERANGEL,14,SXA,0,201,0,0
Weekly Stage — Week 1 Day 3,36,26. 4. 17. AM 9:50,ERANGEL,15,AZLA,0,134,0,0
Weekly Stage — Week 1 Day 3,36,26. 4. 17. AM 9:50,ERANGEL,16,SEN,0,366,0,0
Weekly Stage — Week 1 Day 3,37,26. 4. 17. AM 10:27,RONDO,1,OS,8,1160,10,18
Weekly Stage — Week 1 Day 3,37,26. 4. 17. AM 10:27,RONDO,5,EOS,9,747,3,12
Weekly Stage — Week 1 Day 3,37,26. 4. 17. AM 10:27,RONDO,6,DN,10,1278,2,12
Weekly Stage — Week 1 Day 3,37,26. 4. 17. AM 10:27,RONDO,2,ARK,2,819,6,8
Weekly Stage — Week 1 Day 3,37,26. 4. 17. AM 10:27,RONDO,3,T1,3,1610,5,8
Weekly Stage — Week 1 Day 3,37,26. 4. 17. AM 10:27,RONDO,4,Geekay Esports,4,654,4,8
Weekly Stage — Week 1 Day 3,37,26. 4. 17. AM 10:27,RONDO,8,SEN,6,911,1,7
Weekly Stage — Week 1 Day 3,37,26. 4. 17. AM 10:27,RONDO,12,ART,6,1185,0,6
Weekly Stage — Week 1 Day 3,37,26. 4. 17. AM 10:27,RONDO,7,DGP,1,509,1,2
Weekly Stage — Week 1 Day 3,37,26. 4. 17. AM 10:27,RONDO,9,AZLA,2,508,0,2
Weekly Stage — Week 1 Day 3,37,26. 4. 17. AM 10:27,RONDO,14,YP,2,456,0,2
Weekly Stage — Week 1 Day 3,37,26. 4. 17. AM 10:27,RONDO,16,SXA,1,284,0,1
Weekly Stage — Week 1 Day 3,37,26. 4. 17. AM 10:27,RONDO,10,CR,0,151,0,0
Weekly Stage — Week 1 Day 3,37,26. 4. 17. AM 10:27,RONDO,11,XXG,0,123,0,0
Weekly Stage — Week 1 Day 3,37,26. 4. 17. AM 10:27,RONDO,13,DN SOOPers,0,159,0,0
Weekly Stage — Week 1 Day 3,37,26. 4. 17. AM 10:27,RONDO,15,VEX,0,70,0,0
Weekly Stage — Week 1 Day 3,38,26. 4. 17. AM 11:14,MIRAMAR,1,XXG,13,1275,10,23
Weekly Stage — Week 1 Day 3,38,26. 4. 17. AM 11:14,MIRAMAR,5,DN,11,1091,3,14
Weekly Stage — Week 1 Day 3,38,26. 4. 17. AM 11:14,MIRAMAR,2,OS,7,1017,6,13
Weekly Stage — Week 1 Day 3,38,26. 4. 17. AM 11:14,MIRAMAR,3,Geekay Esports,2,741,5,7
Weekly Stage — Week 1 Day 3,38,26. 4. 17. AM 11:14,MIRAMAR,4,VEX,2,858,4,6
Weekly Stage — Week 1 Day 3,38,26. 4. 17. AM 11:14,MIRAMAR,6,SXA,3,638,2,5
Weekly Stage — Week 1 Day 3,38,26. 4. 17. AM 11:14,MIRAMAR,7,SEN,4,639,1,5
Weekly Stage — Week 1 Day 3,38,26. 4. 17. AM 11:14,MIRAMAR,8,EOS,3,434,1,4
Weekly Stage — Week 1 Day 3,38,26. 4. 17. AM 11:14,MIRAMAR,12,T1,4,777,0,4
Weekly Stage — Week 1 Day 3,38,26. 4. 17. AM 11:14,MIRAMAR,9,ART,3,611,0,3
Weekly Stage — Week 1 Day 3,38,26. 4. 17. AM 11:14,MIRAMAR,15,ARK,3,688,0,3
Weekly Stage — Week 1 Day 3,38,26. 4. 17. AM 11:14,MIRAMAR,10,DN SOOPers,1,448,0,1
Weekly Stage — Week 1 Day 3,38,26. 4. 17. AM 11:14,MIRAMAR,11,YP,1,161,0,1
Weekly Stage — Week 1 Day 3,38,26. 4. 17. AM 11:14,MIRAMAR,13,CR,1,241,0,1
Weekly Stage — Week 1 Day 3,38,26. 4. 17. AM 11:14,MIRAMAR,14,AZLA,1,500,0,1
Weekly Stage — Week 1 Day 3,38,26. 4. 17. AM 11:14,MIRAMAR,16,DGP,1,219,0,1
Weekly Stage — Week 1 Day 3,39,26. 4. 17. AM 11:49,TAEGO,1,Geekay Esports,13,1593,10,23
Weekly Stage — Week 1 Day 3,39,26. 4. 17. AM 11:49,TAEGO,3,AZLA,8,972,5,13
Weekly Stage — Week 1 Day 3,39,26. 4. 17. AM 11:49,TAEGO,4,SXA,7,1419,4,11
Weekly Stage — Week 1 Day 3,39,26. 4. 17. AM 11:49,TAEGO,9,ARK,11,1266,0,11
Weekly Stage — Week 1 Day 3,39,26. 4. 17. AM 11:49,TAEGO,2,VEX,4,902,6,10
Weekly Stage — Week 1 Day 3,39,26. 4. 17. AM 11:49,TAEGO,6,XXG,4,850,2,6
Weekly Stage — Week 1 Day 3,39,26. 4. 17. AM 11:49,TAEGO,5,CR,2,790,3,5
Weekly Stage — Week 1 Day 3,39,26. 4. 17. AM 11:49,TAEGO,8,ART,4,870,1,5
Weekly Stage — Week 1 Day 3,39,26. 4. 17. AM 11:49,TAEGO,13,T1,5,462,0,5
Weekly Stage — Week 1 Day 3,39,26. 4. 17. AM 11:49,TAEGO,7,OS,2,637,1,3
Weekly Stage — Week 1 Day 3,39,26. 4. 17. AM 11:49,TAEGO,14,SEN,2,414,0,2
Weekly Stage — Week 1 Day 3,39,26. 4. 17. AM 11:49,TAEGO,10,YP,0,240,0,0
Weekly Stage — Week 1 Day 3,39,26. 4. 17. AM 11:49,TAEGO,11,DGP,0,224,0,0
Weekly Stage — Week 1 Day 3,39,26. 4. 17. AM 11:49,TAEGO,12,DN SOOPers,0,197,0,0
Weekly Stage — Week 1 Day 3,39,26. 4. 17. AM 11:49,TAEGO,15,DN,0,236,0,0
Weekly Stage — Week 1 Day 3,39,26. 4. 17. AM 11:49,TAEGO,16,EOS,0,287,0,0
Weekly Stage — Week 1 Day 3,40,26. 4. 17. PM 12:34,ERANGEL,1,YP,8,798,10,18
Weekly Stage — Week 1 Day 3,40,26. 4. 17. PM 12:34,ERANGEL,2,Geekay Esports,8,1318,6,14
Weekly Stage — Week 1 Day 3,40,26. 4. 17. PM 12:34,ERANGEL,3,ARK,6,842,5,11
Weekly Stage — Week 1 Day 3,40,26. 4. 17. PM 12:34,ERANGEL,4,CR,6,1097,4,10
Weekly Stage — Week 1 Day 3,40,26. 4. 17. PM 12:34,ERANGEL,5,XXG,7,1093,3,10
Weekly Stage — Week 1 Day 3,40,26. 4. 17. PM 12:34,ERANGEL,6,DN,8,836,2,10
Weekly Stage — Week 1 Day 3,40,26. 4. 17. PM 12:34,ERANGEL,9,ART,4,623,0,4
Weekly Stage — Week 1 Day 3,40,26. 4. 17. PM 12:34,ERANGEL,14,SXA,4,560,0,4
Weekly Stage — Week 1 Day 3,40,26. 4. 17. PM 12:34,ERANGEL,10,SEN,3,750,0,3
Weekly Stage — Week 1 Day 3,40,26. 4. 17. PM 12:34,ERANGEL,11,OS,3,277,0,3
Weekly Stage — Week 1 Day 3,40,26. 4. 17. PM 12:34,ERANGEL,15,DN SOOPers,3,469,0,3
Weekly Stage — Week 1 Day 3,40,26. 4. 17. PM 12:34,ERANGEL,7,T1,1,156,1,2
Weekly Stage — Week 1 Day 3,40,26. 4. 17. PM 12:34,ERANGEL,12,DGP,2,568,0,2
Weekly Stage — Week 1 Day 3,40,26. 4. 17. PM 12:34,ERANGEL,8,VEX,0,428,1,1
Weekly Stage — Week 1 Day 3,40,26. 4. 17. PM 12:34,ERANGEL,13,EOS,0,417,0,0
Weekly Stage — Week 1 Day 3,40,26. 4. 17. PM 12:34,ERANGEL,16,AZLA,0,189,0,0
Weekly Finals — Week 1,41,26. 4. 18. AM 9:55,ERANGEL,1,FN,10,1791,10,20
Weekly Finals — Week 1,41,26. 4. 18. AM 9:55,ERANGEL,2,DN SOOPers,8,1320,6,14
Weekly Finals — Week 1,41,26. 4. 18. AM 9:55,ERANGEL,3,ARK,7,685,5,12
Weekly Finals — Week 1,41,26. 4. 18. AM 9:55,ERANGEL,5,Geekay Esports,6,744,3,9
Weekly Finals — Week 1,41,26. 4. 18. AM 9:55,ERANGEL,6,SB,5,1130,2,7
Weekly Finals — Week 1,41,26. 4. 18. AM 9:55,ERANGEL,9,GEN,6,906,0,6
Weekly Finals — Week 1,41,26. 4. 18. AM 9:55,ERANGEL,4,XXG,1,412,4,5
Weekly Finals — Week 1,41,26. 4. 18. AM 9:55,ERANGEL,8,ART,4,1115,1,5
Weekly Finals — Week 1,41,26. 4. 18. AM 9:55,ERANGEL,10,SEN,4,591,0,4
Weekly Finals — Week 1,41,26. 4. 18. AM 9:55,ERANGEL,12,PHE,4,394,0,4
Weekly Finals — Week 1,41,26. 4. 18. AM 9:55,ERANGEL,7,T1,1,960,1,2
Weekly Finals — Week 1,41,26. 4. 18. AM 9:55,ERANGEL,14,VEX,2,185,0,2
Weekly Finals — Week 1,41,26. 4. 18. AM 9:55,ERANGEL,11,EOS,1,309,0,1
Weekly Finals — Week 1,41,26. 4. 18. AM 9:55,ERANGEL,15,OS,1,80,0,1
Weekly Finals — Week 1,41,26. 4. 18. AM 9:55,ERANGEL,13,SGA,0,195,0,0
Weekly Finals — Week 1,41,26. 4. 18. AM 9:55,ERANGEL,16,DN,0,456,0,0
Weekly Finals — Week 1,42,26. 4. 18. AM 10:33,ERANGEL,1,T1,12,2473,10,22
Weekly Finals — Week 1,42,26. 4. 18. AM 10:33,ERANGEL,2,DN SOOPers,11,1814,6,17
Weekly Finals — Week 1,42,26. 4. 18. AM 10:33,ERANGEL,3,DN,5,799,5,10
Weekly Finals — Week 1,42,26. 4. 18. AM 10:33,ERANGEL,4,Geekay Esports,4,487,4,8
Weekly Finals — Week 1,42,26. 4. 18. AM 10:33,ERANGEL,5,VEX,4,862,3,7
Weekly Finals — Week 1,42,26. 4. 18. AM 10:33,ERANGEL,6,FN,4,459,2,6
Weekly Finals — Week 1,42,26. 4. 18. AM 10:33,ERANGEL,7,ARK,5,719,1,6
Weekly Finals — Week 1,42,26. 4. 18. AM 10:33,ERANGEL,12,PHE,6,842,0,6
Weekly Finals — Week 1,42,26. 4. 18. AM 10:33,ERANGEL,11,EOS,4,522,0,4
Weekly Finals — Week 1,42,26. 4. 18. AM 10:33,ERANGEL,9,SEN,3,571,0,3
Weekly Finals — Week 1,42,26. 4. 18. AM 10:33,ERANGEL,13,GEN,2,378,0,2
Weekly Finals — Week 1,42,26. 4. 18. AM 10:33,ERANGEL,14,SGA,2,325,0,2
Weekly Finals — Week 1,42,26. 4. 18. AM 10:33,ERANGEL,15,SB,2,288,0,2
Weekly Finals — Week 1,42,26. 4. 18. AM 10:33,ERANGEL,8,ART,0,447,1,1
Weekly Finals — Week 1,42,26. 4. 18. AM 10:33,ERANGEL,10,OS,1,176,0,1
Weekly Finals — Week 1,42,26. 4. 18. AM 10:33,ERANGEL,16,XXG,1,131,0,1
Weekly Finals — Week 1,43,26. 4. 18. AM 11:22,MIRAMAR,1,VEX,12,1513,10,22
Weekly Finals — Week 1,43,26. 4. 18. AM 11:22,MIRAMAR,3,ARK,8,1631,5,13
Weekly Finals — Week 1,43,26. 4. 18. AM 11:22,MIRAMAR,2,EOS,3,1119,6,9
Weekly Finals — Week 1,43,26. 4. 18. AM 11:22,MIRAMAR,5,T1,6,1493,3,9
Weekly Finals — Week 1,43,26. 4. 18. AM 11:22,MIRAMAR,4,SB,4,499,4,8
Weekly Finals — Week 1,43,26. 4. 18. AM 11:22,MIRAMAR,7,DN,4,468,1,5
Weekly Finals — Week 1,43,26. 4. 18. AM 11:22,MIRAMAR,12,OS,5,854,0,5
Weekly Finals — Week 1,43,26. 4. 18. AM 11:22,MIRAMAR,11,FN,4,310,0,4
Weekly Finals — Week 1,43,26. 4. 18. AM 11:22,MIRAMAR,15,Geekay Esports,4,626,0,4
Weekly Finals — Week 1,43,26. 4. 18. AM 11:22,MIRAMAR,9,SGA,3,319,0,3
Weekly Finals — Week 1,43,26. 4. 18. AM 11:22,MIRAMAR,6,DN SOOPers,0,216,2,2
Weekly Finals — Week 1,43,26. 4. 18. AM 11:22,MIRAMAR,13,ART,2,555,0,2
Weekly Finals — Week 1,43,26. 4. 18. AM 11:22,MIRAMAR,16,XXG,2,426,0,2
Weekly Finals — Week 1,43,26. 4. 18. AM 11:22,MIRAMAR,8,PHE,0,190,1,1
Weekly Finals — Week 1,43,26. 4. 18. AM 11:22,MIRAMAR,10,SEN,1,735,0,1
Weekly Finals — Week 1,43,26. 4. 18. AM 11:22,MIRAMAR,14,GEN,0,115,0,0
Weekly Finals — Week 1,44,26. 4. 18. PM 12:02,MIRAMAR,1,Geekay Esports,10,1469,10,20
Weekly Finals — Week 1,44,26. 4. 18. PM 12:02,MIRAMAR,2,XXG,7,1511,6,13
Weekly Finals — Week 1,44,26. 4. 18. PM 12:02,MIRAMAR,3,GEN,7,968,5,12
Weekly Finals — Week 1,44,26. 4. 18. PM 12:02,MIRAMAR,6,T1,7,1703,2,9
Weekly Finals — Week 1,44,26. 4. 18. PM 12:02,MIRAMAR,8,DN,5,243,1,6
Weekly Finals — Week 1,44,26. 4. 18. PM 12:02,MIRAMAR,4,SEN,1,355,4,5
Weekly Finals — Week 1,44,26. 4. 18. PM 12:02,MIRAMAR,5,SGA,2,271,3,5
Weekly Finals — Week 1,44,26. 4. 18. PM 12:02,MIRAMAR,7,ARK,4,934,1,5
Weekly Finals — Week 1,44,26. 4. 18. PM 12:02,MIRAMAR,11,PHE,4,654,0,4
Weekly Finals — Week 1,44,26. 4. 18. PM 12:02,MIRAMAR,12,ART,4,1042,0,4
Weekly Finals — Week 1,44,26. 4. 18. PM 12:02,MIRAMAR,9,FN,3,356,0,3
Weekly Finals — Week 1,44,26. 4. 18. PM 12:02,MIRAMAR,13,OS,3,529,0,3
Weekly Finals — Week 1,44,26. 4. 18. PM 12:02,MIRAMAR,14,DN SOOPers,1,427,0,1
Weekly Finals — Week 1,44,26. 4. 18. PM 12:02,MIRAMAR,16,SB,1,292,0,1
Weekly Finals — Week 1,44,26. 4. 18. PM 12:02,MIRAMAR,10,VEX,0,428,0,0
Weekly Finals — Week 1,44,26. 4. 18. PM 12:02,MIRAMAR,15,EOS,0,169,0,0
Weekly Finals — Week 1,45,26. 4. 18. PM 12:48,TAEGO,2,T1,12,1427,6,18
Weekly Finals — Week 1,45,26. 4. 18. PM 12:48,TAEGO,1,SEN,5,1371,10,15
Weekly Finals — Week 1,45,26. 4. 18. PM 12:48,TAEGO,4,OS,8,975,4,12
Weekly Finals — Week 1,45,26. 4. 18. PM 12:48,TAEGO,3,FN,3,988,5,8
Weekly Finals — Week 1,45,26. 4. 18. PM 12:48,TAEGO,6,XXG,4,886,2,6
Weekly Finals — Week 1,45,26. 4. 18. PM 12:48,TAEGO,7,GEN,5,1004,1,6
Weekly Finals — Week 1,45,26. 4. 18. PM 12:48,TAEGO,11,VEX,5,685,0,5
Weekly Finals — Week 1,45,26. 4. 18. PM 12:48,TAEGO,9,SGA,4,563,0,4
Weekly Finals — Week 1,45,26. 4. 18. PM 12:48,TAEGO,10,SB,4,283,0,4
Weekly Finals — Week 1,45,26. 4. 18. PM 12:48,TAEGO,5,DN,0,364,3,3
Weekly Finals — Week 1,45,26. 4. 18. PM 12:48,TAEGO,15,Geekay Esports,3,501,0,3
Weekly Finals — Week 1,45,26. 4. 18. PM 12:48,TAEGO,8,PHE,1,422,1,2
Weekly Finals — Week 1,45,26. 4. 18. PM 12:48,TAEGO,13,ARK,2,268,0,2
Weekly Finals — Week 1,45,26. 4. 18. PM 12:48,TAEGO,16,ART,2,515,0,2
Weekly Finals — Week 1,45,26. 4. 18. PM 12:48,TAEGO,12,EOS,1,398,0,1
Weekly Finals — Week 1,45,26. 4. 18. PM 12:48,TAEGO,14,DN SOOPers,1,176,0,1
Weekly Finals — Week 1,46,26. 4. 19. AM 9:50,ERANGEL,1,DN,12,1641,10,22
Weekly Finals — Week 1,46,26. 4. 19. AM 9:50,ERANGEL,2,ARK,10,1834,6,16
Weekly Finals — Week 1,46,26. 4. 19. AM 9:50,ERANGEL,3,DN SOOPers,6,1493,5,11
Weekly Finals — Week 1,46,26. 4. 19. AM 9:50,ERANGEL,4,XXG,5,812,4,9
Weekly Finals — Week 1,46,26. 4. 19. AM 9:50,ERANGEL,6,GEN,5,1048,2,7
Weekly Finals — Week 1,46,26. 4. 19. AM 9:50,ERANGEL,7,Geekay Esports,5,803,1,6
Weekly Finals — Week 1,46,26. 4. 19. AM 9:50,ERANGEL,5,SGA,2,630,3,5
Weekly Finals — Week 1,46,26. 4. 19. AM 9:50,ERANGEL,13,VEX,4,753,0,4
Weekly Finals — Week 1,46,26. 4. 19. AM 9:50,ERANGEL,8,OS,2,504,1,3
Weekly Finals — Week 1,46,26. 4. 19. AM 9:50,ERANGEL,9,FN,3,429,0,3
Weekly Finals — Week 1,46,26. 4. 19. AM 9:50,ERANGEL,10,SEN,3,584,0,3
Weekly Finals — Week 1,46,26. 4. 19. AM 9:50,ERANGEL,16,SB,3,470,0,3
Weekly Finals — Week 1,46,26. 4. 19. AM 9:50,ERANGEL,11,T1,1,414,0,1
Weekly Finals — Week 1,46,26. 4. 19. AM 9:50,ERANGEL,14,ART,1,342,0,1
Weekly Finals — Week 1,46,26. 4. 19. AM 9:50,ERANGEL,15,PHE,1,246,0,1
Weekly Finals — Week 1,46,26. 4. 19. AM 9:50,ERANGEL,12,EOS,0,422,0,0
Weekly Finals — Week 1,47,26. 4. 19. AM 10:29,ERANGEL,1,DN SOOPers,8,1482,10,18
Weekly Finals — Week 1,47,26. 4. 19. AM 10:29,ERANGEL,3,SGA,9,908,5,14
Weekly Finals — Week 1,47,26. 4. 19. AM 10:29,ERANGEL,2,T1,4,819,6,10
Weekly Finals — Week 1,47,26. 4. 19. AM 10:29,ERANGEL,4,OS,6,1511,4,10
Weekly Finals — Week 1,47,26. 4. 19. AM 10:29,ERANGEL,5,FN,6,1419,3,9
Weekly Finals — Week 1,47,26. 4. 19. AM 10:29,ERANGEL,8,SB,6,1120,1,7
Weekly Finals — Week 1,47,26. 4. 19. AM 10:29,ERANGEL,6,ART,4,1182,2,6
Weekly Finals — Week 1,47,26. 4. 19. AM 10:29,ERANGEL,11,DN,4,896,0,4
Weekly Finals — Week 1,47,26. 4. 19. AM 10:29,ERANGEL,12,PHE,4,461,0,4
Weekly Finals — Week 1,47,26. 4. 19. AM 10:29,ERANGEL,10,EOS,3,489,0,3
Weekly Finals — Week 1,47,26. 4. 19. AM 10:29,ERANGEL,9,ARK,2,449,0,2
Weekly Finals — Week 1,47,26. 4. 19. AM 10:29,ERANGEL,7,Geekay Esports,0,631,1,1
Weekly Finals — Week 1,47,26. 4. 19. AM 10:29,ERANGEL,13,VEX,1,224,0,1
Weekly Finals — Week 1,47,26. 4. 19. AM 10:29,ERANGEL,15,XXG,1,295,0,1
Weekly Finals — Week 1,47,26. 4. 19. AM 10:29,ERANGEL,16,GEN,1,431,0,1
Weekly Finals — Week 1,47,26. 4. 19. AM 10:29,ERANGEL,14,SEN,0,160,0,0
Weekly Finals — Week 1,48,26. 4. 19. AM 11:14,RONDO,1,GEN,12,1765,10,22
Weekly Finals — Week 1,48,26. 4. 19. AM 11:14,RONDO,2,OS,9,1461,6,15
Weekly Finals — Week 1,48,26. 4. 19. AM 11:14,RONDO,3,FN,6,916,5,11
Weekly Finals — Week 1,48,26. 4. 19. AM 11:14,RONDO,8,XXG,6,729,1,7
Weekly Finals — Week 1,48,26. 4. 19. AM 11:14,RONDO,4,T1,1,936,4,5
Weekly Finals — Week 1,48,26. 4. 19. AM 11:14,RONDO,5,PHE,2,720,3,5
Weekly Finals — Week 1,48,26. 4. 19. AM 11:14,RONDO,14,VEX,5,1147,0,5
Weekly Finals — Week 1,48,26. 4. 19. AM 11:14,RONDO,11,DN SOOPers,4,892,0,4
Weekly Finals — Week 1,48,26. 4. 19. AM 11:14,RONDO,13,SEN,4,480,0,4
Weekly Finals — Week 1,48,26. 4. 19. AM 11:14,RONDO,6,DN,1,245,2,3
Weekly Finals — Week 1,48,26. 4. 19. AM 11:14,RONDO,7,Geekay Esports,2,128,1,3
Weekly Finals — Week 1,48,26. 4. 19. AM 11:14,RONDO,12,SGA,3,376,0,3
Weekly Finals — Week 1,48,26. 4. 19. AM 11:14,RONDO,15,ARK,2,229,0,2
Weekly Finals — Week 1,48,26. 4. 19. AM 11:14,RONDO,10,ART,1,138,0,1
Weekly Finals — Week 1,48,26. 4. 19. AM 11:14,RONDO,9,EOS,0,340,0,0
Weekly Finals — Week 1,48,26. 4. 19. AM 11:14,RONDO,16,SB,0,18,0,0
Weekly Finals — Week 1,49,26. 4. 19. AM 11:55,RONDO,4,T1,13,1563,4,17
Weekly Finals — Week 1,49,26. 4. 19. AM 11:55,RONDO,1,VEX,6,2104,10,16
Weekly Finals — Week 1,49,26. 4. 19. AM 11:55,RONDO,2,FN,9,658,6,15
Weekly Finals — Week 1,49,26. 4. 19. AM 11:55,RONDO,3,DN SOOPers,6,1172,5,11
Weekly Finals — Week 1,49,26. 4. 19. AM 11:55,RONDO,8,ART,5,765,1,6
Weekly Finals — Week 1,49,26. 4. 19. AM 11:55,RONDO,6,GEN,3,648,2,5
Weekly Finals — Week 1,49,26. 4. 19. AM 11:55,RONDO,12,EOS,5,798,0,5
Weekly Finals — Week 1,49,26. 4. 19. AM 11:55,RONDO,5,PHE,1,616,3,4
Weekly Finals — Week 1,49,26. 4. 19. AM 11:55,RONDO,13,SEN,4,564,0,4
Weekly Finals — Week 1,49,26. 4. 19. AM 11:55,RONDO,7,DN,2,1016,1,3
Weekly Finals — Week 1,49,26. 4. 19. AM 11:55,RONDO,9,ARK,3,539,0,3
Weekly Finals — Week 1,49,26. 4. 19. AM 11:55,RONDO,14,XXG,2,394,0,2
Weekly Finals — Week 1,49,26. 4. 19. AM 11:55,RONDO,10,OS,1,359,0,1
Weekly Finals — Week 1,49,26. 4. 19. AM 11:55,RONDO,11,SGA,0,49,0,0
Weekly Finals — Week 1,49,26. 4. 19. AM 11:55,RONDO,15,SB,0,325,0,0
Weekly Finals — Week 1,49,26. 4. 19. AM 11:55,RONDO,16,Geekay Esports,0,0,0,0
Weekly Finals — Week 1,50,26. 4. 19. PM 12:38,MIRAMAR,1,Geekay Esports,14,2671,10,24
Weekly Finals — Week 1,50,26. 4. 19. PM 12:38,MIRAMAR,2,T1,7,1526,6,13
Weekly Finals — Week 1,50,26. 4. 19. PM 12:38,MIRAMAR,9,EOS,9,1277,0,9
Weekly Finals — Week 1,50,26. 4. 19. PM 12:38,MIRAMAR,3,DN SOOPers,3,647,5,8
Weekly Finals — Week 1,50,26. 4. 19. PM 12:38,MIRAMAR,5,SGA,4,618,3,7
Weekly Finals — Week 1,50,26. 4. 19. PM 12:38,MIRAMAR,6,VEX,5,1051,2,7
Weekly Finals — Week 1,50,26. 4. 19. PM 12:38,MIRAMAR,7,SB,6,1256,1,7
Weekly Finals — Week 1,50,26. 4. 19. PM 12:38,MIRAMAR,4,PHE,2,769,4,6
Weekly Finals — Week 1,50,26. 4. 19. PM 12:38,MIRAMAR,8,GEN,3,521,1,4
Weekly Finals — Week 1,50,26. 4. 19. PM 12:38,MIRAMAR,11,OS,2,518,0,2
Weekly Finals — Week 1,50,26. 4. 19. PM 12:38,MIRAMAR,13,ART,2,383,0,2
Weekly Finals — Week 1,50,26. 4. 19. PM 12:38,MIRAMAR,10,SEN,1,658,0,1
Weekly Finals — Week 1,50,26. 4. 19. PM 12:38,MIRAMAR,12,FN,1,442,0,1
Weekly Finals — Week 1,50,26. 4. 19. PM 12:38,MIRAMAR,14,XXG,0,113,0,0
Weekly Finals — Week 1,50,26. 4. 19. PM 12:38,MIRAMAR,15,DN,0,42,0,0
Weekly Finals — Week 1,50,26. 4. 19. PM 12:38,MIRAMAR,16,ARK,0,0,0,0
Weekly Stage — Week 2 Day 1,51,26. 4. 22. AM 9:50,ERANGEL,1,PHE,4,1100,10,14
Weekly Stage — Week 2 Day 1,51,26. 4. 22. AM 9:50,ERANGEL,3,ART,6,1292,5,11
Weekly Stage — Week 2 Day 1,51,26. 4. 22. AM 9:50,ERANGEL,2,Geekay Esports,4,1418,6,10
Weekly Stage — Week 2 Day 1,51,26. 4. 22. AM 9:50,ERANGEL,8,VEX,9,950,1,10
Weekly Stage — Week 2 Day 1,51,26. 4. 22. AM 9:50,ERANGEL,5,DN SOOPers,6,795,3,9
Weekly Stage — Week 2 Day 1,51,26. 4. 22. AM 9:50,ERANGEL,4,YP,4,789,4,8
Weekly Stage — Week 2 Day 1,51,26. 4. 22. AM 9:50,ERANGEL,7,SGA,6,1065,1,7
Weekly Stage — Week 2 Day 1,51,26. 4. 22. AM 9:50,ERANGEL,6,EOS,3,745,2,5
Weekly Stage — Week 2 Day 1,51,26. 4. 22. AM 9:50,ERANGEL,11,ER,3,516,0,3
Weekly Stage — Week 2 Day 1,51,26. 4. 22. AM 9:50,ERANGEL,16,DN,3,356,0,3
Weekly Stage — Week 2 Day 1,51,26. 4. 22. AM 9:50,ERANGEL,10,CR,2,1276,0,2
Weekly Stage — Week 2 Day 1,51,26. 4. 22. AM 9:50,ERANGEL,9,SPF,1,587,0,1
Weekly Stage — Week 2 Day 1,51,26. 4. 22. AM 9:50,ERANGEL,13,DGP,1,453,0,1
Weekly Stage — Week 2 Day 1,51,26. 4. 22. AM 9:50,ERANGEL,12,XXG,0,0,0,0
Weekly Stage — Week 2 Day 1,51,26. 4. 22. AM 9:50,ERANGEL,14,FN,0,232,0,0
Weekly Stage — Week 2 Day 1,51,26. 4. 22. AM 9:50,ERANGEL,15,OS,0,140,0,0
Weekly Stage — Week 2 Day 1,52,26. 4. 22. AM 10:27,RONDO,1,OS,6,1046,10,16
Weekly Stage — Week 2 Day 1,52,26. 4. 22. AM 10:27,RONDO,4,FN,12,1258,4,16
Weekly Stage — Week 2 Day 1,52,26. 4. 22. AM 10:27,RONDO,2,SPF,6,823,6,12
Weekly Stage — Week 2 Day 1,52,26. 4. 22. AM 10:27,RONDO,3,DN,6,734,5,11
Weekly Stage — Week 2 Day 1,52,26. 4. 22. AM 10:27,RONDO,5,ART,5,876,3,8
Weekly Stage — Week 2 Day 1,52,26. 4. 22. AM 10:27,RONDO,7,Geekay Esports,4,426,1,5
Weekly Stage — Week 2 Day 1,52,26. 4. 22. AM 10:27,RONDO,8,PHE,4,676,1,5
Weekly Stage — Week 2 Day 1,52,26. 4. 22. AM 10:27,RONDO,11,EOS,4,908,0,4
Weekly Stage — Week 2 Day 1,52,26. 4. 22. AM 10:27,RONDO,15,CR,4,403,0,4
Weekly Stage — Week 2 Day 1,52,26. 4. 22. AM 10:27,RONDO,6,YP,1,331,2,3
Weekly Stage — Week 2 Day 1,52,26. 4. 22. AM 10:27,RONDO,10,ER,3,286,0,3
Weekly Stage — Week 2 Day 1,52,26. 4. 22. AM 10:27,RONDO,12,VEX,2,661,0,2
Weekly Stage — Week 2 Day 1,52,26. 4. 22. AM 10:27,RONDO,16,SGA,2,360,0,2
Weekly Stage — Week 2 Day 1,52,26. 4. 22. AM 10:27,RONDO,13,DN SOOPers,1,190,0,1
Weekly Stage — Week 2 Day 1,52,26. 4. 22. AM 10:27,RONDO,9,XXG,0,168,0,0
Weekly Stage — Week 2 Day 1,52,26. 4. 22. AM 10:27,RONDO,14,DGP,0,73,0,0
Weekly Stage — Week 2 Day 1,53,26. 4. 22. AM 11:07,MIRAMAR,1,DN SOOPers,11,1740,10,21
Weekly Stage — Week 2 Day 1,53,26. 4. 22. AM 11:07,MIRAMAR,3,DN,8,983,5,13
Weekly Stage — Week 2 Day 1,53,26. 4. 22. AM 11:07,MIRAMAR,4,OS,6,895,4,10
Weekly Stage — Week 2 Day 1,53,26. 4. 22. AM 11:07,MIRAMAR,2,ER,3,986,6,9
Weekly Stage — Week 2 Day 1,53,26. 4. 22. AM 11:07,MIRAMAR,6,SGA,4,751,2,6
Weekly Stage — Week 2 Day 1,53,26. 4. 22. AM 11:07,MIRAMAR,11,Geekay Esports,6,640,0,6
Weekly Stage — Week 2 Day 1,53,26. 4. 22. AM 11:07,MIRAMAR,5,CR,2,650,3,5
Weekly Stage — Week 2 Day 1,53,26. 4. 22. AM 11:07,MIRAMAR,8,XXG,4,839,1,5
Weekly Stage — Week 2 Day 1,53,26. 4. 22. AM 11:07,MIRAMAR,7,FN,3,235,1,4
Weekly Stage — Week 2 Day 1,53,26. 4. 22. AM 11:07,MIRAMAR,12,ART,3,504,0,3
Weekly Stage — Week 2 Day 1,53,26. 4. 22. AM 11:07,MIRAMAR,10,YP,2,392,0,2
Weekly Stage — Week 2 Day 1,53,26. 4. 22. AM 11:07,MIRAMAR,16,PHE,2,206,0,2
Weekly Stage — Week 2 Day 1,53,26. 4. 22. AM 11:07,MIRAMAR,9,DGP,1,265,0,1
Weekly Stage — Week 2 Day 1,53,26. 4. 22. AM 11:07,MIRAMAR,13,EOS,1,772,0,1
Weekly Stage — Week 2 Day 1,53,26. 4. 22. AM 11:07,MIRAMAR,14,VEX,1,380,0,1
Weekly Stage — Week 2 Day 1,53,26. 4. 22. AM 11:07,MIRAMAR,15,SPF,1,487,0,1
Weekly Stage — Week 2 Day 1,54,26. 4. 22. AM 11:43,TAEGO,1,XXG,9,1209,10,19
Weekly Stage — Week 2 Day 1,54,26. 4. 22. AM 11:43,TAEGO,3,CR,5,897,5,10
Weekly Stage — Week 2 Day 1,54,26. 4. 22. AM 11:43,TAEGO,5,DN,6,866,3,9
Weekly Stage — Week 2 Day 1,54,26. 4. 22. AM 11:43,TAEGO,6,DGP,7,1160,2,9
Weekly Stage — Week 2 Day 1,54,26. 4. 22. AM 11:43,TAEGO,10,EOS,8,840,0,8
Weekly Stage — Week 2 Day 1,54,26. 4. 22. AM 11:43,TAEGO,2,SPF,1,316,6,7
Weekly Stage — Week 2 Day 1,54,26. 4. 22. AM 11:43,TAEGO,7,FN,5,749,1,6
Weekly Stage — Week 2 Day 1,54,26. 4. 22. AM 11:43,TAEGO,8,ART,5,1166,1,6
Weekly Stage — Week 2 Day 1,54,26. 4. 22. AM 11:43,TAEGO,4,SGA,0,311,4,4
Weekly Stage — Week 2 Day 1,54,26. 4. 22. AM 11:43,TAEGO,13,PHE,4,687,0,4
Weekly Stage — Week 2 Day 1,54,26. 4. 22. AM 11:43,TAEGO,11,OS,3,932,0,3
Weekly Stage — Week 2 Day 1,54,26. 4. 22. AM 11:43,TAEGO,15,DN SOOPers,3,680,0,3
Weekly Stage — Week 2 Day 1,54,26. 4. 22. AM 11:43,TAEGO,12,VEX,2,635,0,2
Weekly Stage — Week 2 Day 1,54,26. 4. 22. AM 11:43,TAEGO,14,Geekay Esports,2,441,0,2
Weekly Stage — Week 2 Day 1,54,26. 4. 22. AM 11:43,TAEGO,9,YP,1,133,0,1
Weekly Stage — Week 2 Day 1,54,26. 4. 22. AM 11:43,TAEGO,16,ER,0,213,0,0
Weekly Stage — Week 2 Day 1,55,26. 4. 22. PM 12:27,ERANGEL,1,ART,7,1277,10,17
Weekly Stage — Week 2 Day 1,55,26. 4. 22. PM 12:27,ERANGEL,3,FN,10,1015,5,15
Weekly Stage — Week 2 Day 1,55,26. 4. 22. PM 12:27,ERANGEL,2,DN,4,692,6,10
Weekly Stage — Week 2 Day 1,55,26. 4. 22. PM 12:27,ERANGEL,4,DN SOOPers,6,1055,4,10
Weekly Stage — Week 2 Day 1,55,26. 4. 22. PM 12:27,ERANGEL,5,YP,4,382,3,7
Weekly Stage — Week 2 Day 1,55,26. 4. 22. PM 12:27,ERANGEL,6,Geekay Esports,5,669,2,7
Weekly Stage — Week 2 Day 1,55,26. 4. 22. PM 12:27,ERANGEL,7,OS,6,829,1,7
Weekly Stage — Week 2 Day 1,55,26. 4. 22. PM 12:27,ERANGEL,9,ER,7,940,0,7
Weekly Stage — Week 2 Day 1,55,26. 4. 22. PM 12:27,ERANGEL,13,VEX,4,666,0,4
Weekly Stage — Week 2 Day 1,55,26. 4. 22. PM 12:27,ERANGEL,12,SGA,3,368,0,3
Weekly Stage — Week 2 Day 1,55,26. 4. 22. PM 12:27,ERANGEL,8,PHE,1,134,1,2
Weekly Stage — Week 2 Day 1,55,26. 4. 22. PM 12:27,ERANGEL,10,EOS,2,373,0,2
Weekly Stage — Week 2 Day 1,55,26. 4. 22. PM 12:27,ERANGEL,11,SPF,2,681,0,2
Weekly Stage — Week 2 Day 1,55,26. 4. 22. PM 12:27,ERANGEL,14,DGP,2,523,0,2
Weekly Stage — Week 2 Day 1,55,26. 4. 22. PM 12:27,ERANGEL,15,XXG,0,88,0,0
Weekly Stage — Week 2 Day 1,55,26. 4. 22. PM 12:27,ERANGEL,16,CR,0,177,0,0
Weekly Stage — Week 2 Day 2,56,26. 4. 23. AM 9:50,ERANGEL,1,FN,7,1898,10,17
Weekly Stage — Week 2 Day 2,56,26. 4. 23. AM 9:50,ERANGEL,2,SB,11,1431,6,17
Weekly Stage — Week 2 Day 2,56,26. 4. 23. AM 9:50,ERANGEL,5,SXA,8,1067,3,11
Weekly Stage — Week 2 Day 2,56,26. 4. 23. AM 9:50,ERANGEL,3,MHG,5,1590,5,10
Weekly Stage — Week 2 Day 2,56,26. 4. 23. AM 9:50,ERANGEL,4,SEN,4,1189,4,8
Weekly Stage — Week 2 Day 2,56,26. 4. 23. AM 9:50,ERANGEL,7,CR,5,1324,1,6
Weekly Stage — Week 2 Day 2,56,26. 4. 23. AM 9:50,ERANGEL,8,OS,4,615,1,5
Weekly Stage — Week 2 Day 2,56,26. 4. 23. AM 9:50,ERANGEL,11,GEN,5,1582,0,5
Weekly Stage — Week 2 Day 2,56,26. 4. 23. AM 9:50,ERANGEL,12,Geekay Esports,4,723,0,4
Weekly Stage — Week 2 Day 2,56,26. 4. 23. AM 9:50,ERANGEL,6,ART,0,347,2,2
Weekly Stage — Week 2 Day 2,56,26. 4. 23. AM 9:50,ERANGEL,10,XXG,1,324,0,1
Weekly Stage — Week 2 Day 2,56,26. 4. 23. AM 9:50,ERANGEL,14,T1,1,127,0,1
Weekly Stage — Week 2 Day 2,56,26. 4. 23. AM 9:50,ERANGEL,15,AZLA,1,398,0,1
Weekly Stage — Week 2 Day 2,56,26. 4. 23. AM 9:50,ERANGEL,16,EOS,1,243,0,1
Weekly Stage — Week 2 Day 2,56,26. 4. 23. AM 9:50,ERANGEL,9,DD,0,285,0,0
Weekly Stage — Week 2 Day 2,56,26. 4. 23. AM 9:50,ERANGEL,13,ER,0,350,0,0
Weekly Stage — Week 2 Day 2,57,26. 4. 23. AM 10:29,RONDO,1,ART,15,1505,10,25
Weekly Stage — Week 2 Day 2,57,26. 4. 23. AM 10:29,RONDO,3,Geekay Esports,12,1954,5,17
Weekly Stage — Week 2 Day 2,57,26. 4. 23. AM 10:29,RONDO,2,EOS,4,590,6,10
Weekly Stage — Week 2 Day 2,57,26. 4. 23. AM 10:29,RONDO,4,FN,4,1022,4,8
Weekly Stage — Week 2 Day 2,57,26. 4. 23. AM 10:29,RONDO,6,T1,6,908,2,8
Weekly Stage — Week 2 Day 2,57,26. 4. 23. AM 10:29,RONDO,5,OS,2,698,3,5
Weekly Stage — Week 2 Day 2,57,26. 4. 23. AM 10:29,RONDO,9,GEN,4,929,0,4
Weekly Stage — Week 2 Day 2,57,26. 4. 23. AM 10:29,RONDO,7,XXG,2,141,1,3
Weekly Stage — Week 2 Day 2,57,26. 4. 23. AM 10:29,RONDO,8,ER,2,421,1,3
Weekly Stage — Week 2 Day 2,57,26. 4. 23. AM 10:29,RONDO,13,AZLA,2,495,0,2
Weekly Stage — Week 2 Day 2,57,26. 4. 23. AM 10:29,RONDO,10,CR,1,850,0,1
Weekly Stage — Week 2 Day 2,57,26. 4. 23. AM 10:29,RONDO,11,SB,1,431,0,1
Weekly Stage — Week 2 Day 2,57,26. 4. 23. AM 10:29,RONDO,12,SXA,1,383,0,1
Weekly Stage — Week 2 Day 2,57,26. 4. 23. AM 10:29,RONDO,14,MHG,0,359,0,0
Weekly Stage — Week 2 Day 2,57,26. 4. 23. AM 10:29,RONDO,15,SEN,0,39,0,0
Weekly Stage — Week 2 Day 2,57,26. 4. 23. AM 10:29,RONDO,16,DD,0,84,0,0
Weekly Stage — Week 2 Day 2,58,26. 4. 23. AM 11:10,MIRAMAR,1,T1,12,1718,10,22
Weekly Stage — Week 2 Day 2,58,26. 4. 23. AM 11:10,MIRAMAR,2,OS,10,1747,6,16
Weekly Stage — Week 2 Day 2,58,26. 4. 23. AM 11:10,MIRAMAR,3,ART,10,1936,5,15
Weekly Stage — Week 2 Day 2,58,26. 4. 23. AM 11:10,MIRAMAR,6,SXA,8,1333,2,10
Weekly Stage — Week 2 Day 2,58,26. 4. 23. AM 11:10,MIRAMAR,4,AZLA,5,1210,4,9
Weekly Stage — Week 2 Day 2,58,26. 4. 23. AM 11:10,MIRAMAR,8,XXG,4,396,1,5
Weekly Stage — Week 2 Day 2,58,26. 4. 23. AM 11:10,MIRAMAR,5,Geekay Esports,1,701,3,4
Weekly Stage — Week 2 Day 2,58,26. 4. 23. AM 11:10,MIRAMAR,12,SB,3,780,0,3
Weekly Stage — Week 2 Day 2,58,26. 4. 23. AM 11:10,MIRAMAR,9,FN,2,366,0,2
Weekly Stage — Week 2 Day 2,58,26. 4. 23. AM 11:10,MIRAMAR,11,SEN,2,782,0,2
Weekly Stage — Week 2 Day 2,58,26. 4. 23. AM 11:10,MIRAMAR,7,GEN,0,337,1,1
Weekly Stage — Week 2 Day 2,58,26. 4. 23. AM 11:10,MIRAMAR,13,ER,1,195,0,1
Weekly Stage — Week 2 Day 2,58,26. 4. 23. AM 11:10,MIRAMAR,14,CR,1,246,0,1
Weekly Stage — Week 2 Day 2,58,26. 4. 23. AM 11:10,MIRAMAR,10,EOS,0,74,0,0
Weekly Stage — Week 2 Day 2,58,26. 4. 23. AM 11:10,MIRAMAR,15,MHG,0,100,0,0
Weekly Stage — Week 2 Day 2,58,26. 4. 23. AM 11:10,MIRAMAR,16,DD,0,157,0,0
Weekly Stage — Week 2 Day 2,59,26. 4. 23. AM 11:49,TAEGO,1,XXG,5,805,10,15
Weekly Stage — Week 2 Day 2,59,26. 4. 23. AM 11:49,TAEGO,2,SB,8,1562,6,14
Weekly Stage — Week 2 Day 2,59,26. 4. 23. AM 11:49,TAEGO,6,EOS,11,1285,2,13
Weekly Stage — Week 2 Day 2,59,26. 4. 23. AM 11:49,TAEGO,3,SEN,7,710,5,12
Weekly Stage — Week 2 Day 2,59,26. 4. 23. AM 11:49,TAEGO,13,SXA,8,954,0,8
Weekly Stage — Week 2 Day 2,59,26. 4. 23. AM 11:49,TAEGO,7,Geekay Esports,5,563,1,6
Weekly Stage — Week 2 Day 2,59,26. 4. 23. AM 11:49,TAEGO,8,ART,5,571,1,6
Weekly Stage — Week 2 Day 2,59,26. 4. 23. AM 11:49,TAEGO,4,T1,1,784,4,5
Weekly Stage — Week 2 Day 2,59,26. 4. 23. AM 11:49,TAEGO,5,DD,1,330,3,4
Weekly Stage — Week 2 Day 2,59,26. 4. 23. AM 11:49,TAEGO,11,ER,3,282,0,3
Weekly Stage — Week 2 Day 2,59,26. 4. 23. AM 11:49,TAEGO,12,CR,3,961,0,3
Weekly Stage — Week 2 Day 2,59,26. 4. 23. AM 11:49,TAEGO,9,OS,1,383,0,1
Weekly Stage — Week 2 Day 2,59,26. 4. 23. AM 11:49,TAEGO,10,FN,1,253,0,1
Weekly Stage — Week 2 Day 2,59,26. 4. 23. AM 11:49,TAEGO,16,GEN,1,166,0,1
Weekly Stage — Week 2 Day 2,59,26. 4. 23. AM 11:49,TAEGO,14,MHG,0,228,0,0
Weekly Stage — Week 2 Day 2,59,26. 4. 23. AM 11:49,TAEGO,15,AZLA,0,56,0,0
Weekly Stage — Week 2 Day 2,60,26. 4. 23. PM 12:32,ERANGEL,1,DD,11,1321,10,21
Weekly Stage — Week 2 Day 2,60,26. 4. 23. PM 12:32,ERANGEL,3,SB,12,1738,5,17
Weekly Stage — Week 2 Day 2,60,26. 4. 23. PM 12:32,ERANGEL,2,SEN,8,1215,6,14
Weekly Stage — Week 2 Day 2,60,26. 4. 23. PM 12:32,ERANGEL,5,OS,5,1788,3,8
Weekly Stage — Week 2 Day 2,60,26. 4. 23. PM 12:32,ERANGEL,4,EOS,3,769,4,7
Weekly Stage — Week 2 Day 2,60,26. 4. 23. PM 12:32,ERANGEL,8,Geekay Esports,5,808,1,6
Weekly Stage — Week 2 Day 2,60,26. 4. 23. PM 12:32,ERANGEL,12,GEN,6,817,0,6
Weekly Stage — Week 2 Day 2,60,26. 4. 23. PM 12:32,ERANGEL,10,FN,5,619,0,5
Weekly Stage — Week 2 Day 2,60,26. 4. 23. PM 12:32,ERANGEL,6,SXA,2,440,2,4
Weekly Stage — Week 2 Day 2,60,26. 4. 23. PM 12:32,ERANGEL,7,AZLA,3,910,1,4
Weekly Stage — Week 2 Day 2,60,26. 4. 23. PM 12:32,ERANGEL,13,XXG,3,261,0,3
Weekly Stage — Week 2 Day 2,60,26. 4. 23. PM 12:32,ERANGEL,14,CR,3,587,0,3
Weekly Stage — Week 2 Day 2,60,26. 4. 23. PM 12:32,ERANGEL,9,ART,2,340,0,2
Weekly Stage — Week 2 Day 2,60,26. 4. 23. PM 12:32,ERANGEL,11,ER,1,180,0,1
Weekly Stage — Week 2 Day 2,60,26. 4. 23. PM 12:32,ERANGEL,15,MHG,1,221,0,1
Weekly Stage — Week 2 Day 2,60,26. 4. 23. PM 12:32,ERANGEL,16,T1,0,223,0,0
Weekly Stage — Week 2 Day 3,61,26. 4. 24. AM 9:50,ERANGEL,1,T1,12,1774,10,22
Weekly Stage — Week 2 Day 3,61,26. 4. 24. AM 9:50,ERANGEL,3,GEN,7,1873,5,12
Weekly Stage — Week 2 Day 3,61,26. 4. 24. AM 9:50,ERANGEL,2,DN SOOPers,3,475,6,9
Weekly Stage — Week 2 Day 3,61,26. 4. 24. AM 9:50,ERANGEL,7,SB,8,1578,1,9
Weekly Stage — Week 2 Day 3,61,26. 4. 24. AM 9:50,ERANGEL,6,AZLA,6,1022,2,8
Weekly Stage — Week 2 Day 3,61,26. 4. 24. AM 9:50,ERANGEL,4,SGA,3,977,4,7
Weekly Stage — Week 2 Day 3,61,26. 4. 24. AM 9:50,ERANGEL,8,DN,4,439,1,5
Weekly Stage — Week 2 Day 3,61,26. 4. 24. AM 9:50,ERANGEL,9,DD,5,842,0,5
Weekly Stage — Week 2 Day 3,61,26. 4. 24. AM 9:50,ERANGEL,5,SPF,1,493,3,4
Weekly Stage — Week 2 Day 3,61,26. 4. 24. AM 9:50,ERANGEL,11,YP,3,548,0,3
Weekly Stage — Week 2 Day 3,61,26. 4. 24. AM 9:50,ERANGEL,12,PHE,3,433,0,3
Weekly Stage — Week 2 Day 3,61,26. 4. 24. AM 9:50,ERANGEL,15,VEX,2,373,0,2
Weekly Stage — Week 2 Day 3,61,26. 4. 24. AM 9:50,ERANGEL,10,MHG,1,297,0,1
Weekly Stage — Week 2 Day 3,61,26. 4. 24. AM 9:50,ERANGEL,13,SEN,1,348,0,1
Weekly Stage — Week 2 Day 3,61,26. 4. 24. AM 9:50,ERANGEL,16,SXA,1,348,0,1
Weekly Stage — Week 2 Day 3,61,26. 4. 24. AM 9:50,ERANGEL,14,DGP,0,57,0,0
Weekly Stage — Week 2 Day 3,62,26. 4. 24. AM 10:26,RONDO,2,PHE,14,2206,6,20
Weekly Stage — Week 2 Day 3,62,26. 4. 24. AM 10:26,RONDO,1,GEN,8,1905,10,18
Weekly Stage — Week 2 Day 3,62,26. 4. 24. AM 10:26,RONDO,3,AZLA,5,799,5,10
Weekly Stage — Week 2 Day 3,62,26. 4. 24. AM 10:26,RONDO,8,T1,9,928,1,10
Weekly Stage — Week 2 Day 3,62,26. 4. 24. AM 10:26,RONDO,4,VEX,5,812,4,9
Weekly Stage — Week 2 Day 3,62,26. 4. 24. AM 10:26,RONDO,7,DN,4,984,1,5
Weekly Stage — Week 2 Day 3,62,26. 4. 24. AM 10:26,RONDO,5,SXA,1,430,3,4
Weekly Stage — Week 2 Day 3,62,26. 4. 24. AM 10:26,RONDO,9,DN SOOPers,4,907,0,4
Weekly Stage — Week 2 Day 3,62,26. 4. 24. AM 10:26,RONDO,6,YP,0,82,2,2
Weekly Stage — Week 2 Day 3,62,26. 4. 24. AM 10:26,RONDO,10,SPF,2,905,0,2
Weekly Stage — Week 2 Day 3,62,26. 4. 24. AM 10:26,RONDO,12,MHG,2,365,0,2
Weekly Stage — Week 2 Day 3,62,26. 4. 24. AM 10:26,RONDO,14,DGP,2,270,0,2
Weekly Stage — Week 2 Day 3,62,26. 4. 24. AM 10:26,RONDO,11,SB,1,301,0,1
Weekly Stage — Week 2 Day 3,62,26. 4. 24. AM 10:26,RONDO,13,DD,1,100,0,1
Weekly Stage — Week 2 Day 3,62,26. 4. 24. AM 10:26,RONDO,15,SEN,0,223,0,0
Weekly Stage — Week 2 Day 3,62,26. 4. 24. AM 10:26,RONDO,16,SGA,0,153,0,0
Weekly Stage — Week 2 Day 3,63,26. 4. 24. AM 11:11,MIRAMAR,1,T1,9,1592,10,19
Weekly Stage — Week 2 Day 3,63,26. 4. 24. AM 11:11,MIRAMAR,2,SEN,9,1409,6,15
Weekly Stage — Week 2 Day 3,63,26. 4. 24. AM 11:11,MIRAMAR,4,SXA,11,1846,4,15
Weekly Stage — Week 2 Day 3,63,26. 4. 24. AM 11:11,MIRAMAR,3,YP,3,874,5,8
Weekly Stage — Week 2 Day 3,63,26. 4. 24. AM 11:11,MIRAMAR,5,GEN,5,983,3,8
Weekly Stage — Week 2 Day 3,63,26. 4. 24. AM 11:11,MIRAMAR,8,VEX,6,669,1,7
Weekly Stage — Week 2 Day 3,63,26. 4. 24. AM 11:11,MIRAMAR,6,PHE,4,789,2,6
Weekly Stage — Week 2 Day 3,63,26. 4. 24. AM 11:11,MIRAMAR,9,DN SOOPers,4,535,0,4
Weekly Stage — Week 2 Day 3,63,26. 4. 24. AM 11:11,MIRAMAR,10,MHG,4,810,0,4
Weekly Stage — Week 2 Day 3,63,26. 4. 24. AM 11:11,MIRAMAR,7,SGA,2,654,1,3
Weekly Stage — Week 2 Day 3,63,26. 4. 24. AM 11:11,MIRAMAR,15,DGP,3,549,0,3
Weekly Stage — Week 2 Day 3,63,26. 4. 24. AM 11:11,MIRAMAR,16,AZLA,3,392,0,3
Weekly Stage — Week 2 Day 3,63,26. 4. 24. AM 11:11,MIRAMAR,14,DN,1,100,0,1
Weekly Stage — Week 2 Day 3,63,26. 4. 24. AM 11:11,MIRAMAR,11,DD,0,861,0,0
Weekly Stage — Week 2 Day 3,63,26. 4. 24. AM 11:11,MIRAMAR,12,SPF,0,342,0,0
Weekly Stage — Week 2 Day 3,63,26. 4. 24. AM 11:11,MIRAMAR,13,SB,0,316,0,0
Weekly Stage — Week 2 Day 3,64,26. 4. 24. AM 11:46,TAEGO,2,DN SOOPers,14,1630,6,20
Weekly Stage — Week 2 Day 3,64,26. 4. 24. AM 11:46,TAEGO,1,T1,7,1070,10,17
Weekly Stage — Week 2 Day 3,64,26. 4. 24. AM 11:46,TAEGO,6,SXA,8,1164,2,10
Weekly Stage — Week 2 Day 3,64,26. 4. 24. AM 11:46,TAEGO,3,DD,3,953,5,8
Weekly Stage — Week 2 Day 3,64,26. 4. 24. AM 11:46,TAEGO,4,DGP,1,345,4,5
Weekly Stage — Week 2 Day 3,64,26. 4. 24. AM 11:46,TAEGO,7,GEN,4,1255,1,5
Weekly Stage — Week 2 Day 3,64,26. 4. 24. AM 11:46,TAEGO,9,MHG,4,493,0,4
Weekly Stage — Week 2 Day 3,64,26. 4. 24. AM 11:46,TAEGO,13,SB,4,518,0,4
Weekly Stage — Week 2 Day 3,64,26. 4. 24. AM 11:46,TAEGO,15,DN,4,505,0,4
Weekly Stage — Week 2 Day 3,64,26. 4. 24. AM 11:46,TAEGO,5,PHE,0,541,3,3
Weekly Stage — Week 2 Day 3,64,26. 4. 24. AM 11:46,TAEGO,12,YP,3,343,0,3
Weekly Stage — Week 2 Day 3,64,26. 4. 24. AM 11:46,TAEGO,8,SPF,1,398,1,2
Weekly Stage — Week 2 Day 3,64,26. 4. 24. AM 11:46,TAEGO,11,AZLA,2,134,0,2
Weekly Stage — Week 2 Day 3,64,26. 4. 24. AM 11:46,TAEGO,14,VEX,2,429,0,2
Weekly Stage — Week 2 Day 3,64,26. 4. 24. AM 11:46,TAEGO,16,SGA,2,354,0,2
Weekly Stage — Week 2 Day 3,64,26. 4. 24. AM 11:46,TAEGO,10,SEN,1,452,0,1
Weekly Stage — Week 2 Day 3,65,26. 4. 24. PM 12:32,ERANGEL,1,DN,15,2583,10,25
Weekly Stage — Week 2 Day 3,65,26. 4. 24. PM 12:32,ERANGEL,3,AZLA,13,1451,5,18
Weekly Stage — Week 2 Day 3,65,26. 4. 24. PM 12:32,ERANGEL,2,GEN,8,1462,6,14
Weekly Stage — Week 2 Day 3,65,26. 4. 24. PM 12:32,ERANGEL,4,SXA,9,1969,4,13
Weekly Stage — Week 2 Day 3,65,26. 4. 24. PM 12:32,ERANGEL,5,SEN,2,522,3,5
Weekly Stage — Week 2 Day 3,65,26. 4. 24. PM 12:32,ERANGEL,6,VEX,3,679,2,5
Weekly Stage — Week 2 Day 3,65,26. 4. 24. PM 12:32,ERANGEL,9,DN SOOPers,4,778,0,4
Weekly Stage — Week 2 Day 3,65,26. 4. 24. PM 12:32,ERANGEL,12,MHG,4,799,0,4
Weekly Stage — Week 2 Day 3,65,26. 4. 24. PM 12:32,ERANGEL,7,SGA,1,684,1,2
Weekly Stage — Week 2 Day 3,65,26. 4. 24. PM 12:32,ERANGEL,8,T1,0,88,1,1
Weekly Stage — Week 2 Day 3,65,26. 4. 24. PM 12:32,ERANGEL,10,YP,1,436,0,1
Weekly Stage — Week 2 Day 3,65,26. 4. 24. PM 12:32,ERANGEL,13,SPF,1,332,0,1
Weekly Stage — Week 2 Day 3,65,26. 4. 24. PM 12:32,ERANGEL,14,PHE,1,182,0,1
Weekly Stage — Week 2 Day 3,65,26. 4. 24. PM 12:32,ERANGEL,15,SB,1,271,0,1
Weekly Stage — Week 2 Day 3,65,26. 4. 24. PM 12:32,ERANGEL,16,DGP,1,263,0,1
Weekly Stage — Week 2 Day 3,65,26. 4. 24. PM 12:32,ERANGEL,11,DD,0,680,0,0
Weekly Finals — Week 2,66,26. 4. 25. AM 9:50,ERANGEL,1,Geekay Esports,10,1793,10,20
Weekly Finals — Week 2,66,26. 4. 25. AM 9:50,ERANGEL,2,DN SOOPers,8,1541,6,14
Weekly Finals — Week 2,66,26. 4. 25. AM 9:50,ERANGEL,4,FN,8,1464,4,12
Weekly Finals — Week 2,66,26. 4. 25. AM 9:50,ERANGEL,8,DN,10,1288,1,11
Weekly Finals — Week 2,66,26. 4. 25. AM 9:50,ERANGEL,3,OS,2,616,5,7
Weekly Finals — Week 2,66,26. 4. 25. AM 9:50,ERANGEL,6,T1,4,746,2,6
Weekly Finals — Week 2,66,26. 4. 25. AM 9:50,ERANGEL,5,SB,2,326,3,5
Weekly Finals — Week 2,66,26. 4. 25. AM 9:50,ERANGEL,9,ART,5,633,0,5
Weekly Finals — Week 2,66,26. 4. 25. AM 9:50,ERANGEL,13,SXA,4,722,0,4
Weekly Finals — Week 2,66,26. 4. 25. AM 9:50,ERANGEL,7,VEX,1,478,1,2
Weekly Finals — Week 2,66,26. 4. 25. AM 9:50,ERANGEL,14,XXG,2,191,0,2
Weekly Finals — Week 2,66,26. 4. 25. AM 9:50,ERANGEL,10,GEN,1,760,0,1
Weekly Finals — Week 2,66,26. 4. 25. AM 9:50,ERANGEL,12,PHE,1,561,0,1
Weekly Finals — Week 2,66,26. 4. 25. AM 9:50,ERANGEL,15,AZLA,1,164,0,1
Weekly Finals — Week 2,66,26. 4. 25. AM 9:50,ERANGEL,11,SEN,0,98,0,0
Weekly Finals — Week 2,66,26. 4. 25. AM 9:50,ERANGEL,16,EOS,0,88,0,0
Weekly Finals — Week 2,67,26. 4. 25. AM 10:27,ERANGEL,1,AZLA,11,1454,10,21
Weekly Finals — Week 2,67,26. 4. 25. AM 10:27,ERANGEL,3,PHE,11,1104,5,16
Weekly Finals — Week 2,67,26. 4. 25. AM 10:27,ERANGEL,2,ART,4,1110,6,10
Weekly Finals — Week 2,67,26. 4. 25. AM 10:27,ERANGEL,5,T1,6,918,3,9
Weekly Finals — Week 2,67,26. 4. 25. AM 10:27,ERANGEL,4,FN,4,602,4,8
Weekly Finals — Week 2,67,26. 4. 25. AM 10:27,ERANGEL,6,GEN,4,1590,2,6
Weekly Finals — Week 2,67,26. 4. 25. AM 10:27,ERANGEL,8,VEX,3,651,1,4
Weekly Finals — Week 2,67,26. 4. 25. AM 10:27,ERANGEL,10,SB,4,425,0,4
Weekly Finals — Week 2,67,26. 4. 25. AM 10:27,ERANGEL,15,SXA,4,471,0,4
Weekly Finals — Week 2,67,26. 4. 25. AM 10:27,ERANGEL,7,SEN,2,1055,1,3
Weekly Finals — Week 2,67,26. 4. 25. AM 10:27,ERANGEL,11,Geekay Esports,3,306,0,3
Weekly Finals — Week 2,67,26. 4. 25. AM 10:27,ERANGEL,9,OS,1,417,0,1
Weekly Finals — Week 2,67,26. 4. 25. AM 10:27,ERANGEL,14,DN SOOPers,1,78,0,1
Weekly Finals — Week 2,67,26. 4. 25. AM 10:27,ERANGEL,12,DN,0,100,0,0
Weekly Finals — Week 2,67,26. 4. 25. AM 10:27,ERANGEL,13,EOS,0,147,0,0
Weekly Finals — Week 2,67,26. 4. 25. AM 10:27,ERANGEL,16,XXG,0,96,0,0
Weekly Finals — Week 2,68,26. 4. 25. AM 11:17,MIRAMAR,1,DN SOOPers,7,1310,10,17
Weekly Finals — Week 2,68,26. 4. 25. AM 11:17,MIRAMAR,2,EOS,9,1702,6,15
Weekly Finals — Week 2,68,26. 4. 25. AM 11:17,MIRAMAR,6,PHE,8,1564,2,10
Weekly Finals — Week 2,68,26. 4. 25. AM 11:17,MIRAMAR,4,FN,5,647,4,9
Weekly Finals — Week 2,68,26. 4. 25. AM 11:17,MIRAMAR,3,SXA,3,365,5,8
Weekly Finals — Week 2,68,26. 4. 25. AM 11:17,MIRAMAR,8,OS,6,1105,1,7
Weekly Finals — Week 2,68,26. 4. 25. AM 11:17,MIRAMAR,5,GEN,3,1439,3,6
Weekly Finals — Week 2,68,26. 4. 25. AM 11:17,MIRAMAR,10,T1,6,1042,0,6
Weekly Finals — Week 2,68,26. 4. 25. AM 11:17,MIRAMAR,7,DN,4,1352,1,5
Weekly Finals — Week 2,68,26. 4. 25. AM 11:17,MIRAMAR,13,SEN,4,707,0,4
Weekly Finals — Week 2,68,26. 4. 25. AM 11:17,MIRAMAR,16,SB,4,485,0,4
Weekly Finals — Week 2,68,26. 4. 25. AM 11:17,MIRAMAR,12,XXG,1,153,0,1
Weekly Finals — Week 2,68,26. 4. 25. AM 11:17,MIRAMAR,14,ART,1,773,0,1
Weekly Finals — Week 2,68,26. 4. 25. AM 11:17,MIRAMAR,9,Geekay Esports,0,785,0,0
Weekly Finals — Week 2,68,26. 4. 25. AM 11:17,MIRAMAR,11,AZLA,0,117,0,0
Weekly Finals — Week 2,68,26. 4. 25. AM 11:17,MIRAMAR,15,VEX,0,209,0,0
Weekly Finals — Week 2,69,26. 4. 25. AM 11:55,RONDO,1,AZLA,7,1396,10,17
Weekly Finals — Week 2,69,26. 4. 25. AM 11:55,RONDO,2,Geekay Esports,10,1407,6,16
Weekly Finals — Week 2,69,26. 4. 25. AM 11:55,RONDO,4,XXG,7,1042,4,11
Weekly Finals — Week 2,69,26. 4. 25. AM 11:55,RONDO,3,DN,3,1259,5,8
Weekly Finals — Week 2,69,26. 4. 25. AM 11:55,RONDO,5,T1,5,1498,3,8
Weekly Finals — Week 2,69,26. 4. 25. AM 11:55,RONDO,6,PHE,6,889,2,8
Weekly Finals — Week 2,69,26. 4. 25. AM 11:55,RONDO,7,SB,4,976,1,5
Weekly Finals — Week 2,69,26. 4. 25. AM 11:55,RONDO,8,DN SOOPers,3,758,1,4
Weekly Finals — Week 2,69,26. 4. 25. AM 11:55,RONDO,10,VEX,4,737,0,4
Weekly Finals — Week 2,69,26. 4. 25. AM 11:55,RONDO,13,FN,4,532,0,4
Weekly Finals — Week 2,69,26. 4. 25. AM 11:55,RONDO,9,OS,3,694,0,3
Weekly Finals — Week 2,69,26. 4. 25. AM 11:55,RONDO,14,EOS,3,519,0,3
Weekly Finals — Week 2,69,26. 4. 25. AM 11:55,RONDO,11,ART,1,510,0,1
Weekly Finals — Week 2,69,26. 4. 25. AM 11:55,RONDO,12,SEN,1,136,0,1
Weekly Finals — Week 2,69,26. 4. 25. AM 11:55,RONDO,16,GEN,1,194,0,1
Weekly Finals — Week 2,69,26. 4. 25. AM 11:55,RONDO,15,SXA,0,75,0,0
Weekly Finals — Week 2,70,26. 4. 25. PM 12:41,RONDO,1,ART,7,1859,10,17
Weekly Finals — Week 2,70,26. 4. 25. PM 12:41,RONDO,2,PHE,7,1347,6,13
Weekly Finals — Week 2,70,26. 4. 25. PM 12:41,RONDO,3,SB,6,1272,5,11
Weekly Finals — Week 2,70,26. 4. 25. PM 12:41,RONDO,4,SEN,6,885,4,10
Weekly Finals — Week 2,70,26. 4. 25. PM 12:41,RONDO,8,DN,8,1478,1,9
Weekly Finals — Week 2,70,26. 4. 25. PM 12:41,RONDO,6,EOS,4,761,2,6
Weekly Finals — Week 2,70,26. 4. 25. PM 12:41,RONDO,7,AZLA,5,710,1,6
Weekly Finals — Week 2,70,26. 4. 25. PM 12:41,RONDO,5,SXA,0,184,3,3
Weekly Finals — Week 2,70,26. 4. 25. PM 12:41,RONDO,16,T1,3,366,0,3
Weekly Finals — Week 2,70,26. 4. 25. PM 12:41,RONDO,9,FN,2,181,0,2
Weekly Finals — Week 2,70,26. 4. 25. PM 12:41,RONDO,11,VEX,2,393,0,2
Weekly Finals — Week 2,70,26. 4. 25. PM 12:41,RONDO,13,XXG,2,182,0,2
Weekly Finals — Week 2,70,26. 4. 25. PM 12:41,RONDO,15,DN SOOPers,2,375,0,2
Weekly Finals — Week 2,70,26. 4. 25. PM 12:41,RONDO,12,GEN,1,660,0,1
Weekly Finals — Week 2,70,26. 4. 25. PM 12:41,RONDO,14,Geekay Esports,1,334,0,1
Weekly Finals — Week 2,70,26. 4. 25. PM 12:41,RONDO,10,OS,0,436,0,0
Weekly Finals — Week 2,71,26. 4. 26. AM 9:50,MIRAMAR,1,DN SOOPers,12,1234,10,22
Weekly Finals — Week 2,71,26. 4. 26. AM 9:50,MIRAMAR,2,ART,6,1849,6,12
Weekly Finals — Week 2,71,26. 4. 26. AM 9:50,MIRAMAR,3,T1,6,1084,5,11
Weekly Finals — Week 2,71,26. 4. 26. AM 9:50,MIRAMAR,4,Geekay Esports,3,910,4,7
Weekly Finals — Week 2,71,26. 4. 26. AM 9:50,MIRAMAR,6,AZLA,4,934,2,6
Weekly Finals — Week 2,71,26. 4. 26. AM 9:50,MIRAMAR,10,SB,6,1215,0,6
Weekly Finals — Week 2,71,26. 4. 26. AM 9:50,MIRAMAR,11,EOS,6,1279,0,6
Weekly Finals — Week 2,71,26. 4. 26. AM 9:50,MIRAMAR,9,FN,5,429,0,5
Weekly Finals — Week 2,71,26. 4. 26. AM 9:50,MIRAMAR,5,XXG,1,231,3,4
Weekly Finals — Week 2,71,26. 4. 26. AM 9:50,MIRAMAR,13,PHE,4,754,0,4
Weekly Finals — Week 2,71,26. 4. 26. AM 9:50,MIRAMAR,8,GEN,2,730,1,3
Weekly Finals — Week 2,71,26. 4. 26. AM 9:50,MIRAMAR,7,DN,1,404,1,2
Weekly Finals — Week 2,71,26. 4. 26. AM 9:50,MIRAMAR,16,SXA,2,551,0,2
Weekly Finals — Week 2,71,26. 4. 26. AM 9:50,MIRAMAR,14,VEX,1,483,0,1
Weekly Finals — Week 2,71,26. 4. 26. AM 9:50,MIRAMAR,12,SEN,0,298,0,0
Weekly Finals — Week 2,71,26. 4. 26. AM 9:50,MIRAMAR,15,OS,0,236,0,0
Weekly Finals — Week 2,72,26. 4. 26. AM 10:28,MIRAMAR,1,VEX,15,2424,10,25
Weekly Finals — Week 2,72,26. 4. 26. AM 10:28,MIRAMAR,3,EOS,12,2127,5,17
Weekly Finals — Week 2,72,26. 4. 26. AM 10:28,MIRAMAR,2,DN,2,1263,6,8
Weekly Finals — Week 2,72,26. 4. 26. AM 10:28,MIRAMAR,6,ART,6,896,2,8
Weekly Finals — Week 2,72,26. 4. 26. AM 10:28,MIRAMAR,4,Geekay Esports,3,714,4,7
Weekly Finals — Week 2,72,26. 4. 26. AM 10:28,MIRAMAR,8,GEN,6,937,1,7
Weekly Finals — Week 2,72,26. 4. 26. AM 10:28,MIRAMAR,5,PHE,3,776,3,6
Weekly Finals — Week 2,72,26. 4. 26. AM 10:28,MIRAMAR,7,OS,5,1009,1,6
Weekly Finals — Week 2,72,26. 4. 26. AM 10:28,MIRAMAR,13,T1,3,482,0,3
Weekly Finals — Week 2,72,26. 4. 26. AM 10:28,MIRAMAR,11,AZLA,2,898,0,2
Weekly Finals — Week 2,72,26. 4. 26. AM 10:28,MIRAMAR,12,XXG,2,513,0,2
Weekly Finals — Week 2,72,26. 4. 26. AM 10:28,MIRAMAR,14,FN,1,168,0,1
Weekly Finals — Week 2,72,26. 4. 26. AM 10:28,MIRAMAR,9,DN SOOPers,0,561,0,0
Weekly Finals — Week 2,72,26. 4. 26. AM 10:28,MIRAMAR,10,SXA,0,406,0,0
Weekly Finals — Week 2,72,26. 4. 26. AM 10:28,MIRAMAR,15,SEN,0,576,0,0
Weekly Finals — Week 2,72,26. 4. 26. AM 10:28,MIRAMAR,16,SB,0,226,0,0
Weekly Finals — Week 2,73,26. 4. 26. AM 11:16,TAEGO,1,SB,10,1165,10,20
Weekly Finals — Week 2,73,26. 4. 26. AM 11:16,TAEGO,2,PHE,8,1516,6,14
Weekly Finals — Week 2,73,26. 4. 26. AM 11:16,TAEGO,3,FN,5,888,5,10
Weekly Finals — Week 2,73,26. 4. 26. AM 11:16,TAEGO,4,OS,5,1534,4,9
Weekly Finals — Week 2,73,26. 4. 26. AM 11:16,TAEGO,5,T1,3,1180,3,6
Weekly Finals — Week 2,73,26. 4. 26. AM 11:16,TAEGO,16,DN SOOPers,6,1019,0,6
Weekly Finals — Week 2,73,26. 4. 26. AM 11:16,TAEGO,6,AZLA,3,510,2,5
Weekly Finals — Week 2,73,26. 4. 26. AM 11:16,TAEGO,8,VEX,4,826,1,5
Weekly Finals — Week 2,73,26. 4. 26. AM 11:16,TAEGO,15,XXG,4,539,0,4
Weekly Finals — Week 2,73,26. 4. 26. AM 11:16,TAEGO,9,Geekay Esports,3,313,0,3
Weekly Finals — Week 2,73,26. 4. 26. AM 11:16,TAEGO,14,EOS,3,494,0,3
Weekly Finals — Week 2,73,26. 4. 26. AM 11:16,TAEGO,12,GEN,2,781,0,2
Weekly Finals — Week 2,73,26. 4. 26. AM 11:16,TAEGO,7,SEN,0,332,1,1
Weekly Finals — Week 2,73,26. 4. 26. AM 11:16,TAEGO,10,ART,1,171,0,1
Weekly Finals — Week 2,73,26. 4. 26. AM 11:16,TAEGO,11,DN,1,314,0,1
Weekly Finals — Week 2,73,26. 4. 26. AM 11:16,TAEGO,13,SXA,1,351,0,1
Weekly Finals — Week 2,74,26. 4. 26. AM 11:55,RONDO,1,DN SOOPers,8,1301,10,18
Weekly Finals — Week 2,74,26. 4. 26. AM 11:55,RONDO,3,PHE,5,641,5,10
Weekly Finals — Week 2,74,26. 4. 26. AM 11:55,RONDO,5,T1,7,919,3,10
Weekly Finals — Week 2,74,26. 4. 26. AM 11:55,RONDO,2,SB,3,1082,6,9
Weekly Finals — Week 2,74,26. 4. 26. AM 11:55,RONDO,4,AZLA,4,642,4,8
Weekly Finals — Week 2,74,26. 4. 26. AM 11:55,RONDO,6,VEX,5,681,2,7
Weekly Finals — Week 2,74,26. 4. 26. AM 11:55,RONDO,8,SXA,6,848,1,7
Weekly Finals — Week 2,74,26. 4. 26. AM 11:55,RONDO,13,EOS,6,611,0,6
Weekly Finals — Week 2,74,26. 4. 26. AM 11:55,RONDO,7,DN,4,360,1,5
Weekly Finals — Week 2,74,26. 4. 26. AM 11:55,RONDO,9,Geekay Esports,4,511,0,4
Weekly Finals — Week 2,74,26. 4. 26. AM 11:55,RONDO,11,FN,3,560,0,3
Weekly Finals — Week 2,74,26. 4. 26. AM 11:55,RONDO,10,SEN,2,231,0,2
Weekly Finals — Week 2,74,26. 4. 26. AM 11:55,RONDO,12,OS,1,75,0,1
Weekly Finals — Week 2,74,26. 4. 26. AM 11:55,RONDO,15,GEN,1,150,0,1
Weekly Finals — Week 2,74,26. 4. 26. AM 11:55,RONDO,16,XXG,1,200,0,1
Weekly Finals — Week 2,74,26. 4. 26. AM 11:55,RONDO,14,ART,0,557,0,0
Weekly Finals — Week 2,75,26. 4. 26. PM 12:36,RONDO,1,Geekay Esports,17,1935,10,27
Weekly Finals — Week 2,75,26. 4. 26. PM 12:36,RONDO,2,SXA,11,1405,6,17
Weekly Finals — Week 2,75,26. 4. 26. PM 12:36,RONDO,3,SB,4,508,5,9
Weekly Finals — Week 2,75,26. 4. 26. PM 12:36,RONDO,4,AZLA,5,1549,4,9
Weekly Finals — Week 2,75,26. 4. 26. PM 12:36,RONDO,6,OS,7,1457,2,9
Weekly Finals — Week 2,75,26. 4. 26. PM 12:36,RONDO,5,ART,4,1264,3,7
Weekly Finals — Week 2,75,26. 4. 26. PM 12:36,RONDO,11,FN,7,799,0,7
Weekly Finals — Week 2,75,26. 4. 26. PM 12:36,RONDO,8,VEX,4,817,1,5
Weekly Finals — Week 2,75,26. 4. 26. PM 12:36,RONDO,7,SEN,3,917,1,4
Weekly Finals — Week 2,75,26. 4. 26. PM 12:36,RONDO,14,DN SOOPers,2,358,0,2
Weekly Finals — Week 2,75,26. 4. 26. PM 12:36,RONDO,15,EOS,2,323,0,2
Weekly Finals — Week 2,75,26. 4. 26. PM 12:36,RONDO,9,T1,1,308,0,1
Weekly Finals — Week 2,75,26. 4. 26. PM 12:36,RONDO,12,PHE,1,384,0,1
Weekly Finals — Week 2,75,26. 4. 26. PM 12:36,RONDO,13,XXG,1,267,0,1
Weekly Finals — Week 2,75,26. 4. 26. PM 12:36,RONDO,10,DN,0,513,0,0
Weekly Finals — Week 2,75,26. 4. 26. PM 12:36,RONDO,16,GEN,0,222,0,0
Weekly Stage — Week 3 Day 1,76,26. 4. 29. AM 9:50,ERANGEL,1,ER,7,775,10,17
Weekly Stage — Week 3 Day 1,76,26. 4. 29. AM 9:50,ERANGEL,4,GEN,10,1140,4,14
Weekly Stage — Week 3 Day 1,76,26. 4. 29. AM 9:50,ERANGEL,2,PHE,6,1980,6,12
Weekly Stage — Week 3 Day 1,76,26. 4. 29. AM 9:50,ERANGEL,3,T1,7,1766,5,12
Weekly Stage — Week 3 Day 1,76,26. 4. 29. AM 9:50,ERANGEL,6,EOS,5,747,2,7
Weekly Stage — Week 3 Day 1,76,26. 4. 29. AM 9:50,ERANGEL,5,SGA,3,562,3,6
Weekly Stage — Week 3 Day 1,76,26. 4. 29. AM 9:50,ERANGEL,10,AZLA,6,1238,0,6
Weekly Stage — Week 3 Day 1,76,26. 4. 29. AM 9:50,ERANGEL,12,SPF,6,1090,0,6
Weekly Stage — Week 3 Day 1,76,26. 4. 29. AM 9:50,ERANGEL,9,Geekay Esports,4,784,0,4
Weekly Stage — Week 3 Day 1,76,26. 4. 29. AM 9:50,ERANGEL,15,OS,3,302,0,3
Weekly Stage — Week 3 Day 1,76,26. 4. 29. AM 9:50,ERANGEL,7,VEX,1,660,1,2
Weekly Stage — Week 3 Day 1,76,26. 4. 29. AM 9:50,ERANGEL,14,SEN,2,368,0,2
Weekly Stage — Week 3 Day 1,76,26. 4. 29. AM 9:50,ERANGEL,16,DGP,2,316,0,2
Weekly Stage — Week 3 Day 1,76,26. 4. 29. AM 9:50,ERANGEL,8,SXA,0,147,1,1
Weekly Stage — Week 3 Day 1,76,26. 4. 29. AM 9:50,ERANGEL,11,YP,1,81,0,1
Weekly Stage — Week 3 Day 1,76,26. 4. 29. AM 9:50,ERANGEL,13,ART,1,570,0,1
Weekly Stage — Week 3 Day 1,77,26. 4. 29. AM 10:28,RONDO,1,T1,10,1174,10,20
Weekly Stage — Week 3 Day 1,77,26. 4. 29. AM 10:28,RONDO,3,YP,9,1223,5,14
Weekly Stage — Week 3 Day 1,77,26. 4. 29. AM 10:28,RONDO,4,PHE,6,623,4,10
Weekly Stage — Week 3 Day 1,77,26. 4. 29. AM 10:28,RONDO,5,SXA,6,1361,3,9
Weekly Stage — Week 3 Day 1,77,26. 4. 29. AM 10:28,RONDO,2,VEX,2,756,6,8
Weekly Stage — Week 3 Day 1,77,26. 4. 29. AM 10:28,RONDO,11,ART,7,885,0,7
Weekly Stage — Week 3 Day 1,77,26. 4. 29. AM 10:28,RONDO,12,EOS,6,717,0,6
Weekly Stage — Week 3 Day 1,77,26. 4. 29. AM 10:28,RONDO,14,OS,5,649,0,5
Weekly Stage — Week 3 Day 1,77,26. 4. 29. AM 10:28,RONDO,6,SGA,2,399,2,4
Weekly Stage — Week 3 Day 1,77,26. 4. 29. AM 10:28,RONDO,13,GEN,4,482,0,4
Weekly Stage — Week 3 Day 1,77,26. 4. 29. AM 10:28,RONDO,8,SPF,2,427,1,3
Weekly Stage — Week 3 Day 1,77,26. 4. 29. AM 10:28,RONDO,9,SEN,3,333,0,3
Weekly Stage — Week 3 Day 1,77,26. 4. 29. AM 10:28,RONDO,7,DGP,1,250,1,2
Weekly Stage — Week 3 Day 1,77,26. 4. 29. AM 10:28,RONDO,15,ER,1,172,0,1
Weekly Stage — Week 3 Day 1,77,26. 4. 29. AM 10:28,RONDO,10,AZLA,0,401,0,0
Weekly Stage — Week 3 Day 1,77,26. 4. 29. AM 10:28,RONDO,16,Geekay Esports,0,175,0,0
Weekly Stage — Week 3 Day 1,78,26. 4. 29. AM 11:10,MIRAMAR,1,GEN,10,1533,10,20
Weekly Stage — Week 3 Day 1,78,26. 4. 29. AM 11:10,MIRAMAR,3,EOS,10,1659,5,15
Weekly Stage — Week 3 Day 1,78,26. 4. 29. AM 11:10,MIRAMAR,2,OS,8,1482,6,14
Weekly Stage — Week 3 Day 1,78,26. 4. 29. AM 11:10,MIRAMAR,11,DGP,8,995,0,8
Weekly Stage — Week 3 Day 1,78,26. 4. 29. AM 11:10,MIRAMAR,4,YP,3,543,4,7
Weekly Stage — Week 3 Day 1,78,26. 4. 29. AM 11:10,MIRAMAR,6,Geekay Esports,5,873,2,7
Weekly Stage — Week 3 Day 1,78,26. 4. 29. AM 11:10,MIRAMAR,10,VEX,6,809,0,6
Weekly Stage — Week 3 Day 1,78,26. 4. 29. AM 11:10,MIRAMAR,5,SXA,1,538,3,4
Weekly Stage — Week 3 Day 1,78,26. 4. 29. AM 11:10,MIRAMAR,13,SPF,4,281,0,4
Weekly Stage — Week 3 Day 1,78,26. 4. 29. AM 11:10,MIRAMAR,8,ER,2,665,1,3
Weekly Stage — Week 3 Day 1,78,26. 4. 29. AM 11:10,MIRAMAR,7,AZLA,1,377,1,2
Weekly Stage — Week 3 Day 1,78,26. 4. 29. AM 11:10,MIRAMAR,12,SEN,2,413,0,2
Weekly Stage — Week 3 Day 1,78,26. 4. 29. AM 11:10,MIRAMAR,14,ART,1,753,0,1
Weekly Stage — Week 3 Day 1,78,26. 4. 29. AM 11:10,MIRAMAR,15,SGA,1,353,0,1
Weekly Stage — Week 3 Day 1,78,26. 4. 29. AM 11:10,MIRAMAR,9,T1,0,122,0,0
Weekly Stage — Week 3 Day 1,78,26. 4. 29. AM 11:10,MIRAMAR,16,PHE,0,110,0,0
Weekly Stage — Week 3 Day 1,79,26. 4. 29. AM 11:48,TAEGO,1,ART,12,1784,10,22
Weekly Stage — Week 3 Day 1,79,26. 4. 29. AM 11:48,TAEGO,2,VEX,7,1067,6,13
Weekly Stage — Week 3 Day 1,79,26. 4. 29. AM 11:48,TAEGO,3,Geekay Esports,7,978,5,12
Weekly Stage — Week 3 Day 1,79,26. 4. 29. AM 11:48,TAEGO,8,EOS,8,790,1,9
Weekly Stage — Week 3 Day 1,79,26. 4. 29. AM 11:48,TAEGO,4,SXA,2,917,4,6
Weekly Stage — Week 3 Day 1,79,26. 4. 29. AM 11:48,TAEGO,7,SPF,4,460,1,5
Weekly Stage — Week 3 Day 1,79,26. 4. 29. AM 11:48,TAEGO,15,DGP,5,916,0,5
Weekly Stage — Week 3 Day 1,79,26. 4. 29. AM 11:48,TAEGO,5,ER,1,668,3,4
Weekly Stage — Week 3 Day 1,79,26. 4. 29. AM 11:48,TAEGO,6,GEN,1,728,2,3
Weekly Stage — Week 3 Day 1,79,26. 4. 29. AM 11:48,TAEGO,13,SEN,3,547,0,3
Weekly Stage — Week 3 Day 1,79,26. 4. 29. AM 11:48,TAEGO,9,AZLA,2,698,0,2
Weekly Stage — Week 3 Day 1,79,26. 4. 29. AM 11:48,TAEGO,12,YP,2,516,0,2
Weekly Stage — Week 3 Day 1,79,26. 4. 29. AM 11:48,TAEGO,10,T1,1,983,0,1
Weekly Stage — Week 3 Day 1,79,26. 4. 29. AM 11:48,TAEGO,11,OS,1,398,0,1
Weekly Stage — Week 3 Day 1,79,26. 4. 29. AM 11:48,TAEGO,14,SGA,1,303,0,1
Weekly Stage — Week 3 Day 1,79,26. 4. 29. AM 11:48,TAEGO,16,PHE,1,100,0,1
Weekly Stage — Week 3 Day 1,80,26. 4. 29. PM 12:29,ERANGEL,1,T1,8,1472,10,18
Weekly Stage — Week 3 Day 1,80,26. 4. 29. PM 12:29,ERANGEL,2,Geekay Esports,6,1202,6,12
Weekly Stage — Week 3 Day 1,80,26. 4. 29. PM 12:29,ERANGEL,5,AZLA,9,1291,3,12
Weekly Stage — Week 3 Day 1,80,26. 4. 29. PM 12:29,ERANGEL,3,EOS,6,1123,5,11
Weekly Stage — Week 3 Day 1,80,26. 4. 29. PM 12:29,ERANGEL,13,ART,9,1172,0,9
Weekly Stage — Week 3 Day 1,80,26. 4. 29. PM 12:29,ERANGEL,4,SXA,3,831,4,7
Weekly Stage — Week 3 Day 1,80,26. 4. 29. PM 12:29,ERANGEL,6,SEN,3,490,2,5
Weekly Stage — Week 3 Day 1,80,26. 4. 29. PM 12:29,ERANGEL,7,SPF,4,917,1,5
Weekly Stage — Week 3 Day 1,80,26. 4. 29. PM 12:29,ERANGEL,15,DGP,5,608,0,5
Weekly Stage — Week 3 Day 1,80,26. 4. 29. PM 12:29,ERANGEL,8,GEN,3,222,1,4
Weekly Stage — Week 3 Day 1,80,26. 4. 29. PM 12:29,ERANGEL,12,ER,3,243,0,3
Weekly Stage — Week 3 Day 1,80,26. 4. 29. PM 12:29,ERANGEL,10,OS,2,636,0,2
Weekly Stage — Week 3 Day 1,80,26. 4. 29. PM 12:29,ERANGEL,9,PHE,0,222,0,0
Weekly Stage — Week 3 Day 1,80,26. 4. 29. PM 12:29,ERANGEL,11,VEX,0,393,0,0
Weekly Stage — Week 3 Day 1,80,26. 4. 29. PM 12:29,ERANGEL,14,YP,0,141,0,0
Weekly Stage — Week 3 Day 1,80,26. 4. 29. PM 12:29,ERANGEL,16,SGA,0,801,0,0
Weekly Stage — Week 3 Day 2,81,26. 4. 30. AM 9:50,ERANGEL,1,DN,9,1690,10,19
Weekly Stage — Week 3 Day 2,81,26. 4. 30. AM 9:50,ERANGEL,2,T1,7,1472,6,13
Weekly Stage — Week 3 Day 2,81,26. 4. 30. AM 9:50,ERANGEL,4,ART,7,1221,4,11
Weekly Stage — Week 3 Day 2,81,26. 4. 30. AM 9:50,ERANGEL,3,FN,5,897,5,10
Weekly Stage — Week 3 Day 2,81,26. 4. 30. AM 9:50,ERANGEL,5,DN SOOPers,4,634,3,7
Weekly Stage — Week 3 Day 2,81,26. 4. 30. AM 9:50,ERANGEL,7,SGA,4,800,1,5
Weekly Stage — Week 3 Day 2,81,26. 4. 30. AM 9:50,ERANGEL,9,DD,5,808,0,5
Weekly Stage — Week 3 Day 2,81,26. 4. 30. AM 9:50,ERANGEL,8,OS,3,724,1,4
Weekly Stage — Week 3 Day 2,81,26. 4. 30. AM 9:50,ERANGEL,15,DGP,4,596,0,4
Weekly Stage — Week 3 Day 2,81,26. 4. 30. AM 9:50,ERANGEL,6,SXA,0,236,2,2
Weekly Stage — Week 3 Day 2,81,26. 4. 30. AM 9:50,ERANGEL,11,YP,2,487,0,2
Weekly Stage — Week 3 Day 2,81,26. 4. 30. AM 9:50,ERANGEL,16,MHG,2,590,0,2
Weekly Stage — Week 3 Day 2,81,26. 4. 30. AM 9:50,ERANGEL,10,CR,1,571,0,1
Weekly Stage — Week 3 Day 2,81,26. 4. 30. AM 9:50,ERANGEL,12,XXG,1,85,0,1
Weekly Stage — Week 3 Day 2,81,26. 4. 30. AM 9:50,ERANGEL,13,SB,0,291,0,0
Weekly Stage — Week 3 Day 2,81,26. 4. 30. AM 9:50,ERANGEL,14,Geekay Esports,0,0,0,0
Weekly Stage — Week 3 Day 2,82,26. 4. 30. AM 10:28,RONDO,2,SB,12,1914,6,18
Weekly Stage — Week 3 Day 2,82,26. 4. 30. AM 10:28,RONDO,1,Geekay Esports,7,1338,10,17
Weekly Stage — Week 3 Day 2,82,26. 4. 30. AM 10:28,RONDO,3,T1,7,1124,5,12
Weekly Stage — Week 3 Day 2,82,26. 4. 30. AM 10:28,RONDO,5,DN SOOPers,5,749,3,8
Weekly Stage — Week 3 Day 2,82,26. 4. 30. AM 10:28,RONDO,7,CR,6,756,1,7
Weekly Stage — Week 3 Day 2,82,26. 4. 30. AM 10:28,RONDO,8,FN,4,504,1,5
Weekly Stage — Week 3 Day 2,82,26. 4. 30. AM 10:28,RONDO,10,DD,5,755,0,5
Weekly Stage — Week 3 Day 2,82,26. 4. 30. AM 10:28,RONDO,13,DN,5,866,0,5
Weekly Stage — Week 3 Day 2,82,26. 4. 30. AM 10:28,RONDO,4,YP,0,80,4,4
Weekly Stage — Week 3 Day 2,82,26. 4. 30. AM 10:28,RONDO,12,SXA,4,819,0,4
Weekly Stage — Week 3 Day 2,82,26. 4. 30. AM 10:28,RONDO,6,DGP,1,277,2,3
Weekly Stage — Week 3 Day 2,82,26. 4. 30. AM 10:28,RONDO,9,OS,2,305,0,2
Weekly Stage — Week 3 Day 2,82,26. 4. 30. AM 10:28,RONDO,11,MHG,1,247,0,1
Weekly Stage — Week 3 Day 2,82,26. 4. 30. AM 10:28,RONDO,15,SGA,1,218,0,1
Weekly Stage — Week 3 Day 2,82,26. 4. 30. AM 10:28,RONDO,16,ART,1,100,0,1
Weekly Stage — Week 3 Day 2,82,26. 4. 30. AM 10:28,RONDO,14,XXG,0,295,0,0
Weekly Stage — Week 3 Day 2,83,26. 4. 30. AM 11:14,MIRAMAR,1,XXG,7,1336,10,17
Weekly Stage — Week 3 Day 2,83,26. 4. 30. AM 11:14,MIRAMAR,2,CR,11,1885,6,17
Weekly Stage — Week 3 Day 2,83,26. 4. 30. AM 11:14,MIRAMAR,3,DD,5,964,5,10
Weekly Stage — Week 3 Day 2,83,26. 4. 30. AM 11:14,MIRAMAR,4,DN SOOPers,3,402,4,7
Weekly Stage — Week 3 Day 2,83,26. 4. 30. AM 11:14,MIRAMAR,5,DGP,4,904,3,7
Weekly Stage — Week 3 Day 2,83,26. 4. 30. AM 11:14,MIRAMAR,6,OS,5,1135,2,7
Weekly Stage — Week 3 Day 2,83,26. 4. 30. AM 11:14,MIRAMAR,7,ART,5,867,1,6
Weekly Stage — Week 3 Day 2,83,26. 4. 30. AM 11:14,MIRAMAR,9,T1,5,830,0,5
Weekly Stage — Week 3 Day 2,83,26. 4. 30. AM 11:14,MIRAMAR,8,Geekay Esports,3,558,1,4
Weekly Stage — Week 3 Day 2,83,26. 4. 30. AM 11:14,MIRAMAR,11,MHG,3,353,0,3
Weekly Stage — Week 3 Day 2,83,26. 4. 30. AM 11:14,MIRAMAR,13,SGA,3,249,0,3
Weekly Stage — Week 3 Day 2,83,26. 4. 30. AM 11:14,MIRAMAR,10,FN,1,816,0,1
Weekly Stage — Week 3 Day 2,83,26. 4. 30. AM 11:14,MIRAMAR,12,SB,1,474,0,1
Weekly Stage — Week 3 Day 2,83,26. 4. 30. AM 11:14,MIRAMAR,15,SXA,1,257,0,1
Weekly Stage — Week 3 Day 2,83,26. 4. 30. AM 11:14,MIRAMAR,14,YP,0,147,0,0
Weekly Stage — Week 3 Day 2,83,26. 4. 30. AM 11:14,MIRAMAR,16,DN,0,171,0,0
Weekly Stage — Week 3 Day 2,84,26. 4. 30. AM 11:51,TAEGO,1,DN,14,2046,10,24
Weekly Stage — Week 3 Day 2,84,26. 4. 30. AM 11:51,TAEGO,2,SXA,6,1180,6,12
Weekly Stage — Week 3 Day 2,84,26. 4. 30. AM 11:51,TAEGO,3,DN SOOPers,7,1345,5,12
Weekly Stage — Week 3 Day 2,84,26. 4. 30. AM 11:51,TAEGO,4,DD,7,1328,4,11
Weekly Stage — Week 3 Day 2,84,26. 4. 30. AM 11:51,TAEGO,5,SGA,6,971,3,9
Weekly Stage — Week 3 Day 2,84,26. 4. 30. AM 11:51,TAEGO,10,T1,6,840,0,6
Weekly Stage — Week 3 Day 2,84,26. 4. 30. AM 11:51,TAEGO,6,Geekay Esports,2,503,2,4
Weekly Stage — Week 3 Day 2,84,26. 4. 30. AM 11:51,TAEGO,7,SB,3,1034,1,4
Weekly Stage — Week 3 Day 2,84,26. 4. 30. AM 11:51,TAEGO,8,DGP,3,598,1,4
Weekly Stage — Week 3 Day 2,84,26. 4. 30. AM 11:51,TAEGO,12,FN,4,669,0,4
Weekly Stage — Week 3 Day 2,84,26. 4. 30. AM 11:51,TAEGO,14,ART,2,212,0,2
Weekly Stage — Week 3 Day 2,84,26. 4. 30. AM 11:51,TAEGO,11,YP,1,374,0,1
Weekly Stage — Week 3 Day 2,84,26. 4. 30. AM 11:51,TAEGO,13,OS,1,232,0,1
Weekly Stage — Week 3 Day 2,84,26. 4. 30. AM 11:51,TAEGO,15,CR,1,363,0,1
Weekly Stage — Week 3 Day 2,84,26. 4. 30. AM 11:51,TAEGO,9,XXG,0,171,0,0
Weekly Stage — Week 3 Day 2,84,26. 4. 30. AM 11:51,TAEGO,16,MHG,0,274,0,0
Weekly Stage — Week 3 Day 2,85,26. 4. 30. PM 12:38,ERANGEL,1,ART,16,2341,10,26
Weekly Stage — Week 3 Day 2,85,26. 4. 30. PM 12:38,ERANGEL,2,T1,9,1668,6,15
Weekly Stage — Week 3 Day 2,85,26. 4. 30. PM 12:38,ERANGEL,3,MHG,5,1605,5,10
Weekly Stage — Week 3 Day 2,85,26. 4. 30. PM 12:38,ERANGEL,4,SGA,5,1852,4,9
Weekly Stage — Week 3 Day 2,85,26. 4. 30. PM 12:38,ERANGEL,5,SB,6,874,3,9
Weekly Stage — Week 3 Day 2,85,26. 4. 30. PM 12:38,ERANGEL,8,FN,4,750,1,5
Weekly Stage — Week 3 Day 2,85,26. 4. 30. PM 12:38,ERANGEL,9,DGP,5,809,0,5
Weekly Stage — Week 3 Day 2,85,26. 4. 30. PM 12:38,ERANGEL,11,SXA,5,403,0,5
Weekly Stage — Week 3 Day 2,85,26. 4. 30. PM 12:38,ERANGEL,13,Geekay Esports,4,748,0,4
Weekly Stage — Week 3 Day 2,85,26. 4. 30. PM 12:38,ERANGEL,6,DN SOOPers,1,471,2,3
Weekly Stage — Week 3 Day 2,85,26. 4. 30. PM 12:38,ERANGEL,12,DN,2,386,0,2
Weekly Stage — Week 3 Day 2,85,26. 4. 30. PM 12:38,ERANGEL,14,CR,2,327,0,2
Weekly Stage — Week 3 Day 2,85,26. 4. 30. PM 12:38,ERANGEL,7,XXG,0,283,1,1
Weekly Stage — Week 3 Day 2,85,26. 4. 30. PM 12:38,ERANGEL,10,YP,0,510,0,0
Weekly Stage — Week 3 Day 2,85,26. 4. 30. PM 12:38,ERANGEL,15,OS,0,528,0,0
Weekly Stage — Week 3 Day 2,85,26. 4. 30. PM 12:38,ERANGEL,16,DD,0,103,0,0
Weekly Stage — Week 3 Day 3,86,26. 5. 1. AM 9:50,ERANGEL,1,EOS,13,1420,10,23
Weekly Stage — Week 3 Day 3,86,26. 5. 1. AM 9:50,ERANGEL,4,AZLA,11,1577,4,15
Weekly Stage — Week 3 Day 3,86,26. 5. 1. AM 9:50,ERANGEL,2,VEX,7,1090,6,13
Weekly Stage — Week 3 Day 3,86,26. 5. 1. AM 9:50,ERANGEL,6,SB,7,1172,2,9
Weekly Stage — Week 3 Day 3,86,26. 5. 1. AM 9:50,ERANGEL,3,DN SOOPers,0,402,5,5
Weekly Stage — Week 3 Day 3,86,26. 5. 1. AM 9:50,ERANGEL,5,DN,2,324,3,5
Weekly Stage — Week 3 Day 3,86,26. 5. 1. AM 9:50,ERANGEL,8,GEN,3,964,1,4
Weekly Stage — Week 3 Day 3,86,26. 5. 1. AM 9:50,ERANGEL,7,CR,2,271,1,3
Weekly Stage — Week 3 Day 3,86,26. 5. 1. AM 9:50,ERANGEL,10,PHE,3,165,0,3
Weekly Stage — Week 3 Day 3,86,26. 5. 1. AM 9:50,ERANGEL,12,FN,3,213,0,3
Weekly Stage — Week 3 Day 3,86,26. 5. 1. AM 9:50,ERANGEL,9,XXG,2,226,0,2
Weekly Stage — Week 3 Day 3,86,26. 5. 1. AM 9:50,ERANGEL,11,SPF,1,430,0,1
Weekly Stage — Week 3 Day 3,86,26. 5. 1. AM 9:50,ERANGEL,15,DD,1,409,0,1
Weekly Stage — Week 3 Day 3,86,26. 5. 1. AM 9:50,ERANGEL,16,MHG,1,149,0,1
Weekly Stage — Week 3 Day 3,86,26. 5. 1. AM 9:50,ERANGEL,13,ER,0,32,0,0
Weekly Stage — Week 3 Day 3,86,26. 5. 1. AM 9:50,ERANGEL,14,SEN,0,236,0,0
Weekly Stage — Week 3 Day 3,87,26. 5. 1. AM 10:25,RONDO,1,DN SOOPers,8,1449,10,18
Weekly Stage — Week 3 Day 3,87,26. 5. 1. AM 10:25,RONDO,2,SB,7,1781,6,13
Weekly Stage — Week 3 Day 3,87,26. 5. 1. AM 10:25,RONDO,7,GEN,12,1610,1,13
Weekly Stage — Week 3 Day 3,87,26. 5. 1. AM 10:25,RONDO,3,CR,3,808,5,8
Weekly Stage — Week 3 Day 3,87,26. 5. 1. AM 10:25,RONDO,8,DD,6,1126,1,7
Weekly Stage — Week 3 Day 3,87,26. 5. 1. AM 10:25,RONDO,5,XXG,3,477,3,6
Weekly Stage — Week 3 Day 3,87,26. 5. 1. AM 10:25,RONDO,6,SEN,4,879,2,6
Weekly Stage — Week 3 Day 3,87,26. 5. 1. AM 10:25,RONDO,9,DN,6,872,0,6
Weekly Stage — Week 3 Day 3,87,26. 5. 1. AM 10:25,RONDO,4,PHE,1,539,4,5
Weekly Stage — Week 3 Day 3,87,26. 5. 1. AM 10:25,RONDO,11,FN,3,989,0,3
Weekly Stage — Week 3 Day 3,87,26. 5. 1. AM 10:25,RONDO,10,ER,2,110,0,2
Weekly Stage — Week 3 Day 3,87,26. 5. 1. AM 10:25,RONDO,15,MHG,2,192,0,2
Weekly Stage — Week 3 Day 3,87,26. 5. 1. AM 10:25,RONDO,12,AZLA,0,394,0,0
Weekly Stage — Week 3 Day 3,87,26. 5. 1. AM 10:25,RONDO,13,EOS,0,122,0,0
Weekly Stage — Week 3 Day 3,87,26. 5. 1. AM 10:25,RONDO,14,SPF,0,329,0,0
Weekly Stage — Week 3 Day 3,87,26. 5. 1. AM 10:25,RONDO,16,VEX,0,25,0,0
Weekly Stage — Week 3 Day 3,88,26. 5. 1. AM 11:09,MIRAMAR,1,GEN,10,2022,10,20
Weekly Stage — Week 3 Day 3,88,26. 5. 1. AM 11:09,MIRAMAR,2,CR,4,1065,6,10
Weekly Stage — Week 3 Day 3,88,26. 5. 1. AM 11:09,MIRAMAR,3,PHE,4,387,5,9
Weekly Stage — Week 3 Day 3,88,26. 5. 1. AM 11:09,MIRAMAR,5,DN,5,938,3,8
Weekly Stage — Week 3 Day 3,88,26. 5. 1. AM 11:09,MIRAMAR,7,DN SOOPers,6,780,1,7
Weekly Stage — Week 3 Day 3,88,26. 5. 1. AM 11:09,MIRAMAR,4,SB,2,830,4,6
Weekly Stage — Week 3 Day 3,88,26. 5. 1. AM 11:09,MIRAMAR,9,DD,6,1757,0,6
Weekly Stage — Week 3 Day 3,88,26. 5. 1. AM 11:09,MIRAMAR,11,XXG,5,664,0,5
Weekly Stage — Week 3 Day 3,88,26. 5. 1. AM 11:09,MIRAMAR,6,ER,2,706,2,4
Weekly Stage — Week 3 Day 3,88,26. 5. 1. AM 11:09,MIRAMAR,10,VEX,4,1030,0,4
Weekly Stage — Week 3 Day 3,88,26. 5. 1. AM 11:09,MIRAMAR,14,FN,2,326,0,2
Weekly Stage — Week 3 Day 3,88,26. 5. 1. AM 11:09,MIRAMAR,15,AZLA,2,234,0,2
Weekly Stage — Week 3 Day 3,88,26. 5. 1. AM 11:09,MIRAMAR,16,SPF,2,539,0,2
Weekly Stage — Week 3 Day 3,88,26. 5. 1. AM 11:09,MIRAMAR,8,EOS,0,714,1,1
Weekly Stage — Week 3 Day 3,88,26. 5. 1. AM 11:09,MIRAMAR,12,MHG,1,421,0,1
Weekly Stage — Week 3 Day 3,88,26. 5. 1. AM 11:09,MIRAMAR,13,SEN,0,643,0,0
Weekly Stage — Week 3 Day 3,89,26. 5. 1. AM 11:47,TAEGO,1,DN,17,2224,10,27
Weekly Stage — Week 3 Day 3,89,26. 5. 1. AM 11:47,TAEGO,2,CR,5,1392,6,11
Weekly Stage — Week 3 Day 3,89,26. 5. 1. AM 11:47,TAEGO,4,XXG,6,644,4,10
Weekly Stage — Week 3 Day 3,89,26. 5. 1. AM 11:47,TAEGO,3,FN,3,623,5,8
Weekly Stage — Week 3 Day 3,89,26. 5. 1. AM 11:47,TAEGO,12,AZLA,8,909,0,8
Weekly Stage — Week 3 Day 3,89,26. 5. 1. AM 11:47,TAEGO,7,SPF,6,778,1,7
Weekly Stage — Week 3 Day 3,89,26. 5. 1. AM 11:47,TAEGO,11,DD,5,872,0,5
Weekly Stage — Week 3 Day 3,89,26. 5. 1. AM 11:47,TAEGO,5,PHE,1,395,3,4
Weekly Stage — Week 3 Day 3,89,26. 5. 1. AM 11:47,TAEGO,8,SEN,3,613,1,4
Weekly Stage — Week 3 Day 3,89,26. 5. 1. AM 11:47,TAEGO,6,ER,1,576,2,3
Weekly Stage — Week 3 Day 3,89,26. 5. 1. AM 11:47,TAEGO,10,VEX,2,100,0,2
Weekly Stage — Week 3 Day 3,89,26. 5. 1. AM 11:47,TAEGO,13,GEN,2,348,0,2
Weekly Stage — Week 3 Day 3,89,26. 5. 1. AM 11:47,TAEGO,9,EOS,1,905,0,1
Weekly Stage — Week 3 Day 3,89,26. 5. 1. AM 11:47,TAEGO,14,DN SOOPers,0,368,0,0
Weekly Stage — Week 3 Day 3,89,26. 5. 1. AM 11:47,TAEGO,15,MHG,0,227,0,0
Weekly Stage — Week 3 Day 3,89,26. 5. 1. AM 11:47,TAEGO,16,SB,0,167,0,0
Weekly Stage — Week 3 Day 3,90,26. 5. 1. PM 12:32,ERANGEL,1,DN,18,2423,10,28
Weekly Stage — Week 3 Day 3,90,26. 5. 1. PM 12:32,ERANGEL,2,PHE,8,1835,6,14
Weekly Stage — Week 3 Day 3,90,26. 5. 1. PM 12:32,ERANGEL,3,VEX,5,844,5,10
Weekly Stage — Week 3 Day 3,90,26. 5. 1. PM 12:32,ERANGEL,5,FN,3,481,3,6
Weekly Stage — Week 3 Day 3,90,26. 5. 1. PM 12:32,ERANGEL,10,CR,6,965,0,6
Weekly Stage — Week 3 Day 3,90,26. 5. 1. PM 12:32,ERANGEL,4,DD,1,569,4,5
Weekly Stage — Week 3 Day 3,90,26. 5. 1. PM 12:32,ERANGEL,6,AZLA,3,603,2,5
Weekly Stage — Week 3 Day 3,90,26. 5. 1. PM 12:32,ERANGEL,13,EOS,4,695,0,4
Weekly Stage — Week 3 Day 3,90,26. 5. 1. PM 12:32,ERANGEL,8,SEN,2,459,1,3
Weekly Stage — Week 3 Day 3,90,26. 5. 1. PM 12:32,ERANGEL,11,DN SOOPers,3,569,0,3
Weekly Stage — Week 3 Day 3,90,26. 5. 1. PM 12:32,ERANGEL,14,GEN,3,394,0,3
Weekly Stage — Week 3 Day 3,90,26. 5. 1. PM 12:32,ERANGEL,9,MHG,2,358,0,2
Weekly Stage — Week 3 Day 3,90,26. 5. 1. PM 12:32,ERANGEL,7,SPF,0,382,1,1
Weekly Stage — Week 3 Day 3,90,26. 5. 1. PM 12:32,ERANGEL,12,SB,1,437,0,1
Weekly Stage — Week 3 Day 3,90,26. 5. 1. PM 12:32,ERANGEL,15,XXG,0,0,0,0
Weekly Stage — Week 3 Day 3,90,26. 5. 1. PM 12:32,ERANGEL,16,ER,0,200,0,0
Weekly Finals — Week 3,91,26. 5. 2. AM 9:51,ERANGEL,1,T1,8,1686,10,18
Weekly Finals — Week 3,91,26. 5. 2. AM 9:51,ERANGEL,5,DN,11,1199,3,14
Weekly Finals — Week 3,91,26. 5. 2. AM 9:51,ERANGEL,2,VEX,6,1352,6,12
Weekly Finals — Week 3,91,26. 5. 2. AM 9:51,ERANGEL,3,AZLA,5,1339,5,10
Weekly Finals — Week 3,91,26. 5. 2. AM 9:51,ERANGEL,8,ART,9,1780,1,10
Weekly Finals — Week 3,91,26. 5. 2. AM 9:51,ERANGEL,4,SB,2,524,4,6
Weekly Finals — Week 3,91,26. 5. 2. AM 9:51,ERANGEL,9,DN SOOPers,4,1189,0,4
Weekly Finals — Week 3,91,26. 5. 2. AM 9:51,ERANGEL,10,CR,3,654,0,3
Weekly Finals — Week 3,91,26. 5. 2. AM 9:51,ERANGEL,12,EOS,3,715,0,3
Weekly Finals — Week 3,91,26. 5. 2. AM 9:51,ERANGEL,15,DD,3,497,0,3
Weekly Finals — Week 3,91,26. 5. 2. AM 9:51,ERANGEL,6,PHE,0,714,2,2
Weekly Finals — Week 3,91,26. 5. 2. AM 9:51,ERANGEL,7,Geekay Esports,1,693,1,2
Weekly Finals — Week 3,91,26. 5. 2. AM 9:51,ERANGEL,14,FN,2,392,0,2
Weekly Finals — Week 3,91,26. 5. 2. AM 9:51,ERANGEL,11,SXA,1,297,0,1
Weekly Finals — Week 3,91,26. 5. 2. AM 9:51,ERANGEL,13,GEN,1,417,0,1
Weekly Finals — Week 3,91,26. 5. 2. AM 9:51,ERANGEL,16,DGP,1,245,0,1
Weekly Finals — Week 3,92,26. 5. 2. AM 10:30,ERANGEL,1,SB,13,1414,10,23
Weekly Finals — Week 3,92,26. 5. 2. AM 10:30,ERANGEL,4,GEN,10,2322,4,14
Weekly Finals — Week 3,92,26. 5. 2. AM 10:30,ERANGEL,2,EOS,7,974,6,13
Weekly Finals — Week 3,92,26. 5. 2. AM 10:30,ERANGEL,3,T1,5,1124,5,10
Weekly Finals — Week 3,92,26. 5. 2. AM 10:30,ERANGEL,5,Geekay Esports,5,1599,3,8
Weekly Finals — Week 3,92,26. 5. 2. AM 10:30,ERANGEL,6,DGP,5,800,2,7
Weekly Finals — Week 3,92,26. 5. 2. AM 10:30,ERANGEL,7,CR,4,765,1,5
Weekly Finals — Week 3,92,26. 5. 2. AM 10:30,ERANGEL,8,PHE,4,500,1,5
Weekly Finals — Week 3,92,26. 5. 2. AM 10:30,ERANGEL,10,DN,4,1018,0,4
Weekly Finals — Week 3,92,26. 5. 2. AM 10:30,ERANGEL,9,FN,3,496,0,3
Weekly Finals — Week 3,92,26. 5. 2. AM 10:30,ERANGEL,12,VEX,1,231,0,1
Weekly Finals — Week 3,92,26. 5. 2. AM 10:30,ERANGEL,11,DN SOOPers,0,399,0,0
Weekly Finals — Week 3,92,26. 5. 2. AM 10:30,ERANGEL,13,ART,0,230,0,0
Weekly Finals — Week 3,92,26. 5. 2. AM 10:30,ERANGEL,14,AZLA,0,130,0,0
Weekly Finals — Week 3,92,26. 5. 2. AM 10:30,ERANGEL,15,SXA,0,408,0,0
Weekly Finals — Week 3,92,26. 5. 2. AM 10:30,ERANGEL,16,DD,0,114,0,0
Weekly Finals — Week 3,93,26. 5. 2. AM 11:20,RONDO,1,Geekay Esports,9,1321,10,19
Weekly Finals — Week 3,93,26. 5. 2. AM 11:20,RONDO,4,VEX,9,1669,4,13
Weekly Finals — Week 3,93,26. 5. 2. AM 11:20,RONDO,3,GEN,5,1327,5,10
Weekly Finals — Week 3,93,26. 5. 2. AM 11:20,RONDO,8,DN SOOPers,9,1519,1,10
Weekly Finals — Week 3,93,26. 5. 2. AM 11:20,RONDO,2,SXA,3,877,6,9
Weekly Finals — Week 3,93,26. 5. 2. AM 11:20,RONDO,5,FN,3,465,3,6
Weekly Finals — Week 3,93,26. 5. 2. AM 11:20,RONDO,6,T1,4,1444,2,6
Weekly Finals — Week 3,93,26. 5. 2. AM 11:20,RONDO,10,CR,5,497,0,5
Weekly Finals — Week 3,93,26. 5. 2. AM 11:20,RONDO,11,AZLA,5,1005,0,5
Weekly Finals — Week 3,93,26. 5. 2. AM 11:20,RONDO,12,ART,4,720,0,4
Weekly Finals — Week 3,93,26. 5. 2. AM 11:20,RONDO,7,PHE,1,319,1,2
Weekly Finals — Week 3,93,26. 5. 2. AM 11:20,RONDO,16,DGP,2,235,0,2
Weekly Finals — Week 3,93,26. 5. 2. AM 11:20,RONDO,13,DN,1,262,0,1
Weekly Finals — Week 3,93,26. 5. 2. AM 11:20,RONDO,14,EOS,1,228,0,1
Weekly Finals — Week 3,93,26. 5. 2. AM 11:20,RONDO,9,SB,0,18,0,0
Weekly Finals — Week 3,93,26. 5. 2. AM 11:20,RONDO,15,DD,0,185,0,0
Weekly Finals — Week 3,94,26. 5. 2. AM 11:59,RONDO,1,AZLA,13,2751,10,23
Weekly Finals — Week 3,94,26. 5. 2. AM 11:59,RONDO,2,DD,6,1147,6,12
Weekly Finals — Week 3,94,26. 5. 2. AM 11:59,RONDO,4,DN,8,1041,4,12
Weekly Finals — Week 3,94,26. 5. 2. AM 11:59,RONDO,3,DN SOOPers,4,1047,5,9
Weekly Finals — Week 3,94,26. 5. 2. AM 11:59,RONDO,5,SB,5,844,3,8
Weekly Finals — Week 3,94,26. 5. 2. AM 11:59,RONDO,8,DGP,6,785,1,7
Weekly Finals — Week 3,94,26. 5. 2. AM 11:59,RONDO,6,PHE,3,278,2,5
Weekly Finals — Week 3,94,26. 5. 2. AM 11:59,RONDO,7,EOS,2,606,1,3
Weekly Finals — Week 3,94,26. 5. 2. AM 11:59,RONDO,11,CR,3,451,0,3
Weekly Finals — Week 3,94,26. 5. 2. AM 11:59,RONDO,9,SXA,2,858,0,2
Weekly Finals — Week 3,94,26. 5. 2. AM 11:59,RONDO,13,ART,2,573,0,2
Weekly Finals — Week 3,94,26. 5. 2. AM 11:59,RONDO,14,Geekay Esports,2,325,0,2
Weekly Finals — Week 3,94,26. 5. 2. AM 11:59,RONDO,16,VEX,2,372,0,2
Weekly Finals — Week 3,94,26. 5. 2. AM 11:59,RONDO,10,GEN,1,362,0,1
Weekly Finals — Week 3,94,26. 5. 2. AM 11:59,RONDO,12,FN,1,516,0,1
Weekly Finals — Week 3,94,26. 5. 2. AM 11:59,RONDO,15,T1,0,129,0,0
Weekly Finals — Week 3,95,26. 5. 2. PM 12:43,TAEGO,1,CR,6,915,10,16
Weekly Finals — Week 3,95,26. 5. 2. PM 12:43,TAEGO,2,DGP,7,959,6,13
Weekly Finals — Week 3,95,26. 5. 2. PM 12:43,TAEGO,4,DD,5,1046,4,9
Weekly Finals — Week 3,95,26. 5. 2. PM 12:43,TAEGO,6,GEN,6,1172,2,8
Weekly Finals — Week 3,95,26. 5. 2. PM 12:43,TAEGO,3,SB,2,396,5,7
Weekly Finals — Week 3,95,26. 5. 2. PM 12:43,TAEGO,8,T1,5,970,1,6
Weekly Finals — Week 3,95,26. 5. 2. PM 12:43,TAEGO,11,EOS,6,967,0,6
Weekly Finals — Week 3,95,26. 5. 2. PM 12:43,TAEGO,5,Geekay Esports,2,557,3,5
Weekly Finals — Week 3,95,26. 5. 2. PM 12:43,TAEGO,7,DN SOOPers,3,648,1,4
Weekly Finals — Week 3,95,26. 5. 2. PM 12:43,TAEGO,13,DN,4,561,0,4
Weekly Finals — Week 3,95,26. 5. 2. PM 12:43,TAEGO,10,FN,3,359,0,3
Weekly Finals — Week 3,95,26. 5. 2. PM 12:43,TAEGO,15,SXA,3,461,0,3
Weekly Finals — Week 3,95,26. 5. 2. PM 12:43,TAEGO,12,AZLA,2,576,0,2
Weekly Finals — Week 3,95,26. 5. 2. PM 12:43,TAEGO,14,ART,2,320,0,2
Weekly Finals — Week 3,95,26. 5. 2. PM 12:43,TAEGO,16,PHE,1,446,0,1
Weekly Finals — Week 3,95,26. 5. 2. PM 12:43,TAEGO,9,VEX,0,627,0,0
Weekly Finals — Week 3,96,26. 5. 3. AM 9:50,MIRAMAR,2,GEN,20,2501,6,26
Weekly Finals — Week 3,96,26. 5. 3. AM 9:50,MIRAMAR,1,SXA,9,1859,10,19
Weekly Finals — Week 3,96,26. 5. 3. AM 9:50,MIRAMAR,4,CR,5,995,4,9
Weekly Finals — Week 3,96,26. 5. 3. AM 9:50,MIRAMAR,8,DD,8,844,1,9
Weekly Finals — Week 3,96,26. 5. 3. AM 9:50,MIRAMAR,14,T1,8,973,0,8
Weekly Finals — Week 3,96,26. 5. 3. AM 9:50,MIRAMAR,5,AZLA,4,1235,3,7
Weekly Finals — Week 3,96,26. 5. 3. AM 9:50,MIRAMAR,3,DN SOOPers,0,596,5,5
Weekly Finals — Week 3,96,26. 5. 3. AM 9:50,MIRAMAR,6,VEX,2,836,2,4
Weekly Finals — Week 3,96,26. 5. 3. AM 9:50,MIRAMAR,13,DN,3,809,0,3
Weekly Finals — Week 3,96,26. 5. 3. AM 9:50,MIRAMAR,7,FN,1,413,1,2
Weekly Finals — Week 3,96,26. 5. 3. AM 9:50,MIRAMAR,9,DGP,2,532,0,2
Weekly Finals — Week 3,96,26. 5. 3. AM 9:50,MIRAMAR,11,PHE,2,524,0,2
Weekly Finals — Week 3,96,26. 5. 3. AM 9:50,MIRAMAR,16,SB,1,300,0,1
Weekly Finals — Week 3,96,26. 5. 3. AM 9:50,MIRAMAR,10,ART,0,211,0,0
Weekly Finals — Week 3,96,26. 5. 3. AM 9:50,MIRAMAR,12,EOS,0,307,0,0
Weekly Finals — Week 3,96,26. 5. 3. AM 9:50,MIRAMAR,15,Geekay Esports,0,210,0,0
Weekly Finals — Week 3,97,26. 5. 3. AM 10:28,MIRAMAR,1,Geekay Esports,16,1489,10,26
Weekly Finals — Week 3,97,26. 5. 3. AM 10:28,MIRAMAR,2,CR,10,1455,6,16
Weekly Finals — Week 3,97,26. 5. 3. AM 10:28,MIRAMAR,4,GEN,9,1207,4,13
Weekly Finals — Week 3,97,26. 5. 3. AM 10:28,MIRAMAR,3,AZLA,3,687,5,8
Weekly Finals — Week 3,97,26. 5. 3. AM 10:28,MIRAMAR,5,DN SOOPers,3,687,3,6
Weekly Finals — Week 3,97,26. 5. 3. AM 10:28,MIRAMAR,7,DGP,4,747,1,5
Weekly Finals — Week 3,97,26. 5. 3. AM 10:28,MIRAMAR,8,DD,4,414,1,5
Weekly Finals — Week 3,97,26. 5. 3. AM 10:28,MIRAMAR,6,DN,1,373,2,3
Weekly Finals — Week 3,97,26. 5. 3. AM 10:28,MIRAMAR,12,T1,3,812,0,3
Weekly Finals — Week 3,97,26. 5. 3. AM 10:28,MIRAMAR,15,PHE,3,349,0,3
Weekly Finals — Week 3,97,26. 5. 3. AM 10:28,MIRAMAR,9,EOS,2,901,0,2
Weekly Finals — Week 3,97,26. 5. 3. AM 10:28,MIRAMAR,14,FN,2,360,0,2
Weekly Finals — Week 3,97,26. 5. 3. AM 10:28,MIRAMAR,11,SB,1,62,0,1
Weekly Finals — Week 3,97,26. 5. 3. AM 10:28,MIRAMAR,10,SXA,0,153,0,0
Weekly Finals — Week 3,97,26. 5. 3. AM 10:28,MIRAMAR,13,ART,0,253,0,0
Weekly Finals — Week 3,97,26. 5. 3. AM 10:28,MIRAMAR,16,VEX,0,92,0,0
Weekly Finals — Week 3,98,26. 5. 3. AM 11:15,RONDO,1,Geekay Esports,8,1292,10,18
Weekly Finals — Week 3,98,26. 5. 3. AM 11:15,RONDO,3,DGP,8,1307,5,13
Weekly Finals — Week 3,98,26. 5. 3. AM 11:15,RONDO,5,ART,7,1409,3,10
Weekly Finals — Week 3,98,26. 5. 3. AM 11:15,RONDO,2,AZLA,3,1089,6,9
Weekly Finals — Week 3,98,26. 5. 3. AM 11:15,RONDO,4,EOS,5,723,4,9
Weekly Finals — Week 3,98,26. 5. 3. AM 11:15,RONDO,6,GEN,6,1494,2,8
Weekly Finals — Week 3,98,26. 5. 3. AM 11:15,RONDO,10,SXA,5,523,0,5
Weekly Finals — Week 3,98,26. 5. 3. AM 11:15,RONDO,9,DN SOOPers,4,797,0,4
Weekly Finals — Week 3,98,26. 5. 3. AM 11:15,RONDO,12,DD,4,711,0,4
Weekly Finals — Week 3,98,26. 5. 3. AM 11:15,RONDO,15,SB,4,500,0,4
Weekly Finals — Week 3,98,26. 5. 3. AM 11:15,RONDO,11,DN,3,852,0,3
Weekly Finals — Week 3,98,26. 5. 3. AM 11:15,RONDO,7,VEX,1,315,1,2
Weekly Finals — Week 3,98,26. 5. 3. AM 11:15,RONDO,8,FN,0,168,1,1
Weekly Finals — Week 3,98,26. 5. 3. AM 11:15,RONDO,13,T1,1,229,0,1
Weekly Finals — Week 3,98,26. 5. 3. AM 11:15,RONDO,14,PHE,1,546,0,1
Weekly Finals — Week 3,98,26. 5. 3. AM 11:15,RONDO,16,CR,1,240,0,1
Weekly Finals — Week 3,99,26. 5. 3. AM 11:52,RONDO,1,T1,14,1521,10,24
Weekly Finals — Week 3,99,26. 5. 3. AM 11:52,RONDO,2,EOS,7,1825,6,13
Weekly Finals — Week 3,99,26. 5. 3. AM 11:52,RONDO,6,PHE,8,697,2,10
Weekly Finals — Week 3,99,26. 5. 3. AM 11:52,RONDO,3,AZLA,3,1241,5,8
Weekly Finals — Week 3,99,26. 5. 3. AM 11:52,RONDO,5,SB,4,517,3,7
Weekly Finals — Week 3,99,26. 5. 3. AM 11:52,RONDO,9,DN SOOPers,7,1013,0,7
Weekly Finals — Week 3,99,26. 5. 3. AM 11:52,RONDO,4,Geekay Esports,2,638,4,6
Weekly Finals — Week 3,99,26. 5. 3. AM 11:52,RONDO,8,DN,5,859,1,6
Weekly Finals — Week 3,99,26. 5. 3. AM 11:52,RONDO,10,GEN,3,865,0,3
Weekly Finals — Week 3,99,26. 5. 3. AM 11:52,RONDO,13,ART,2,609,0,2
Weekly Finals — Week 3,99,26. 5. 3. AM 11:52,RONDO,14,VEX,2,457,0,2
Weekly Finals — Week 3,99,26. 5. 3. AM 11:52,RONDO,7,DD,0,634,1,1
Weekly Finals — Week 3,99,26. 5. 3. AM 11:52,RONDO,15,FN,1,119,0,1
Weekly Finals — Week 3,99,26. 5. 3. AM 11:52,RONDO,16,SXA,1,385,0,1
Weekly Finals — Week 3,99,26. 5. 3. AM 11:52,RONDO,11,CR,0,104,0,0
Weekly Finals — Week 3,99,26. 5. 3. AM 11:52,RONDO,12,DGP,0,449,0,0
Weekly Finals — Week 3,100,26. 5. 3. PM 12:41,ERANGEL,1,T1,7,1480,10,17
Weekly Finals — Week 3,100,26. 5. 3. PM 12:41,ERANGEL,3,Geekay Esports,12,1299,5,17
Weekly Finals — Week 3,100,26. 5. 3. PM 12:41,ERANGEL,2,DN,9,1497,6,15
Weekly Finals — Week 3,100,26. 5. 3. PM 12:41,ERANGEL,5,AZLA,7,992,3,10
Weekly Finals — Week 3,100,26. 5. 3. PM 12:41,ERANGEL,4,DN SOOPers,4,694,4,8
Weekly Finals — Week 3,100,26. 5. 3. PM 12:41,ERANGEL,6,SB,2,386,2,4
Weekly Finals — Week 3,100,26. 5. 3. PM 12:41,ERANGEL,7,GEN,2,902,1,3
Weekly Finals — Week 3,100,26. 5. 3. PM 12:41,ERANGEL,9,DGP,3,632,0,3
Weekly Finals — Week 3,100,26. 5. 3. PM 12:41,ERANGEL,12,DD,3,300,0,3
Weekly Finals — Week 3,100,26. 5. 3. PM 12:41,ERANGEL,13,PHE,3,435,0,3
Weekly Finals — Week 3,100,26. 5. 3. PM 12:41,ERANGEL,8,SXA,1,236,1,2
Weekly Finals — Week 3,100,26. 5. 3. PM 12:41,ERANGEL,10,EOS,2,541,0,2
Weekly Finals — Week 3,100,26. 5. 3. PM 12:41,ERANGEL,15,FN,2,250,0,2
Weekly Finals — Week 3,100,26. 5. 3. PM 12:41,ERANGEL,14,CR,1,701,0,1
Weekly Finals — Week 3,100,26. 5. 3. PM 12:41,ERANGEL,11,ART,0,867,0,0
Weekly Finals — Week 3,100,26. 5. 3. PM 12:41,ERANGEL,16,VEX,0,0,0,0